%------------------------------------------------------------------------------
% [system] : GpsTools
% [module] : receiver definitions
% [format] : - 1 line = 1 record
%            - % ...  = comments
%            - fields separated by comma(,)
% [version]: $Revision:$ $Date: 06/03/24 18:19 $
% [history]: 06/07/06  0.1  separated as csv text
%------------------------------------------------------------------------------

% id, group, name, comment

AJAC,  IGS,  Ajaccio,
ALBH,  IGS,  Victoria,
ALGO,  IGS,  ALGONQUIN PARK,
ALIC,  IGS,  Alice Springs,
ALRT,  IGS,  Alert (Ellesmere Island),
AMC2,  IGS,  Colorado Springs,
AMMN,  IGS,  Amman,
ANKR,  IGS,  Ankara,
ANTC,  IGS,  Los Angeles,
AOA1,  IGS,  Westlake,
AOML,  IGS,  Key Biscayne, Miami,
AREQ,  IGS,  Arequipa,
ARTU,  IGS,  Arti,
ASC1,  IGS,  Ascension Island,
ASPA,  IGS,  Pago Pago,
AUCK,  IGS,  Whangaparaoa Peninsula,
AZU1,  IGS,  Azusa,
BAHR,  IGS,  Manama,
BAIE,  IGS,  BAIE COMEAU,
BAKE,  IGS,  BAKER LAKE,
BAKO,  IGS,  Cibinong,
BAN2,  IGS,  Bangalore,
BARH,  IGS,  Bar Harbor,
BILI,  IGS,  Bilibino,
BILL,  IGS,  Temecula,
BJFS,  IGS,  Fangshan,
BLYT,  IGS,  Blythe,
BOGI,  IGS,  Borowa Gora 40 km to the North of Warsaw,
BOGT,  IGS,  Bogota,
BOR1,  IGS,  BOROWIEC near KORNIK & POZNAN,
BRAN,  IGS,  Burbank,
BRAZ,  IGS,  Brasilia,
BREW,  IGS,  Brewster,
BRMU,  IGS,  Bermuda,
BRST,  IGS,  Brest,
BRUS,  IGS,  Brussels,
BUCU,  IGS,  Bucuresti,
BZRG,  IGS,  Bolzano,
CAGL,  IGS,  Cagliari,
CAGS,  IGS,  Gatineau,
CAGZ,  IGS,  CAPOTERRA,
CARR,  IGS,  Parkfield,
CAS1,  IGS,  Casey,
CASA,  IGS,  Mammoth Lakes,
CAT1,  IGS,  Catalina,
CEDU,  IGS,  Ceduna,
CFAG,  IGS,  Caucete,
CHAT,  IGS,  Waitangi,
CHIL,  IGS,  San Gabriel Mountains,
CHPI,  IGS,  Cachoeira Paulista,
CHUM,  IGS,  Chumysh,
CHUR,  IGS,  CHURCHILL,
CHWK,  IGS,  Chilliwack,
CIC1,  IGS,  Ensenada,
CIT1,  IGS,  Pasadena,
CLAR,  IGS,  Claremont,
CMP9,  IGS,  Sylmar,
COCO,  IGS,  Cocos (Keeling) Island,
CONZ,  IGS,  Concepcion,
COPO,  IGS,  Copiapo,
CORD,  IGS,  Cordoba,
COSO,  IGS,  Coso Junction,
COYQ,  IGS,  Coyhaique,
CRFP,  IGS,  Yucaipa,
CRO1,  IGS,  Christiansted,
CSN1,  IGS,  Northridge,
DAEJ,  IGS,  Taejon,
DAKA,  IGS,  Dakar,
DARR,  IGS,  Darwin,
DARW,  IGS,  Darwin,
DAV1,  IGS,  Davis,
DAVR,  IGS,  Davis,
DGAR,  IGS,  Diego Garcia Island,
DHLG,  IGS,  Durmid Hill,
DLFT,  IGS,  Delft,
DRAG,  IGS,  metzoki dragot,
DRAO,  IGS,  Penticton,
DREJ,  IGS,  Dresden,
DUBO,  IGS,  Lac du Bonnet,
DUBR,  IGS,  Dubrovnik,
DWH1,  IGS,  Woodinville,
DYR2,  IGS,  Diyarbakir,
EBRE,  IGS,  Roquetes,
EISL,  IGS,  Easter Island,
EPRT,  IGS,  Eastport,
ESTI,  IGS,  Esteli,
EURK,  IGS,  EUREKA,
FAIR,  IGS,  Fairbanks,
FALE,  IGS,  Faleolo,
FFMJ,  IGS,  Frankfurt / Main,
FLIN,  IGS,  CFS Flin Flon,
FORT,  IGS,  Eusebio, Fortaleza,
FREE,  IGS,  Freeport,
GENO,  IGS,  GENOVA,
GLPS,  IGS,  Puerto Ayora,
GLSV,  IGS,  Kiev,
GMAS,  IGS,  Maspalomas,
GMSD,  IGS,  Nakatane town,
GODE,  IGS,  Greenbelt,
GODZ,  IGS,  Greenbelt,
GOL2,  IGS,  Goldstone,
GOLD,  IGS,  Goldstone,
GOPE,  IGS,  Ondrejov,
GOUG,  IGS,  Gough Island,
GRAS,  IGS,  Caussols,
GRAZ,  IGS,  Graz,
GUAM,  IGS,  Dededo,
GUAO,  IGS,  URUMQI,
GUAT,  IGS,  Guatemala City,
HALY,  IGS,  Halat Ammar,
HARB,  IGS,  Pretoria,
HARV,  IGS,  Vandenberg AFB,
HELJ,  IGS,  Helgoland Island,
HERS,  IGS,  Hailsham,
HERT,  IGS,  Hailsham,
HFLK,  IGS,  Innsbruck,
HILO,  IGS,  Hilo,
HLFX,  IGS,  HALIFAX,
HNLC,  IGS,  Honolulu,
HNPT,  IGS,  Cambridge,
HOB2,  IGS,  Hobart,
HOFN,  IGS,  Hoefn,
HOLB,  IGS,  Holberg,
HOLC,  IGS,  Pearblossom,
HOLM,  IGS,  Holman (Victoria Island),
HOLP,  IGS,  Hollydale,
HRAO,  IGS,  Krugersdorp,
HUEG,  IGS,  Huegelheim,
HYDE,  IGS,  Hyderabad (located in central part of Ind,
IENG,  IGS,  Torino,
IISC,  IGS,  Bangalore,
INEG,  IGS,  Aguascalientes,
INVK,  IGS,  Inuvik,
IQQE,  IGS,  Iquique,
IRKJ,  IGS,  Irkutsk,
IRKT,  IGS,  Irkutsk,
ISPA,  IGS,  Easter Island,
ISTA,  IGS,  Istanbul,
JAB1,  IGS,  Jabiru,
JAMA,  IGS,  Kingston,
JOZ2,  IGS,  JOZEFOSLAW,
JOZE,  IGS,  JOZEFOSLAW near WARSAW,
JPLM,  IGS,  Pasadena,
KARR,  IGS,  Karratha,
KELY,  IGS,  Kangerlussuaq,
KERG,  IGS,  Port aux Francais,
KGN0,  IGS,  Koganei,
KGNI,  IGS,  KOGANEI,
KHAJ,  IGS,  Khabarovsk,
KIR0,  IGS,  Kiruna,
KIRU,  IGS,  Kiruna,
KIT3,  IGS,  Kitab,
KODK,  IGS,  Kodiak,
KOKB,  IGS,  Kokee Park, Waimea,,
KOSG,  IGS,  Kootwijk (near Apeldoorn),
KOU1,  IGS,  Kourou,
KOUC,  IGS,  Koumac,
KOUR,  IGS,  Kourou,
KSMV,  IGS,  KASHIMA,
KSTU,  IGS,  Krasnoyarsk,
KUNM,  IGS,  Kunming,
KUUJ,  IGS,  KUUJJUARAPIK,
KWJ1,  IGS,  Kwajalein Atoll,
LAE1,  IGS,  Lae,
LAMA,  IGS,  OLSZTYN,
LBCH,  IGS,  Long Beach,
LEEP,  IGS,  Hollywood,
LEIJ,  IGS,  Leipzig,
LHAS,  IGS,  LHASA,
LHAZ,  IGS,  Lhasa,
LHUE,  IGS,  Lihue, Kauai,
LIND,  IGS,  Ellensburg,
LONG,  IGS,  Irwindale,
LPGS,  IGS,  La Plata,
LROC,  IGS,  La Rochelle,
MAC1,  IGS,  MacQuarie Island, Sub-Antarctic,
MAD2,  IGS,  Robledo,
MADR,  IGS,  Robledo,
MAG0,  IGS,  Magadan,
MALD,  IGS,  Male Airport,
MALI,  IGS,  Malindi,
MANA,  IGS,  Managua,
MANZ,  IGS,  Manzanillo,
MAR6,  IGS,  Maartsbo,
MARS,  IGS,  Marseille,
MAS1,  IGS,  Maspalomas,
MAT1,  IGS,  MATERA,
MATE,  IGS,  Matera,
MAUI,  IGS,  Haleakala, Maui,
MAW1,  IGS,  Mawson,
MBAR,  IGS,  Mbarara,
MCM4,  IGS,  Ross Island,
MDO1,  IGS,  Fort Davis,
MDVJ,  IGS,  Mendeleevo,
MDVO,  IGS,  Mendeleevo, Moscow Region,
MEDI,  IGS,  MEDICINA (BOLOGNA),
METS,  IGS,  Kirkkonummi (40 km west from Helsinki),
METZ,  IGS,  Kirkkonummi (40 km west from Helsinki),
MIKL,  IGS,  Mykolaiv,
MIZU,  IGS,  Mizusawa,
MKEA,  IGS,  Mauna Kea,
MOBN,  IGS,  Obninsk,
MOBS,  IGS,  Melbourne,
MONP,  IGS,  Laguna Mountains,
MORP,  IGS,  Morpeth,
MSKU,  IGS,  Franceville,
MTBG,  IGS,  Mattersburg,
MTKA,  IGS,  Mitaka,
NAIN,  IGS,  Nain,
NAMA,  IGS,  Namas,
NANO,  IGS,  Nanoose Bay,
NICO,  IGS,  Nicosia,
NKLG,  IGS,  Libreville,
NLIB,  IGS,  North Liberty,
NNOR,  IGS,  New Norcia,
NOT1,  IGS,  NOTO,
NOUM,  IGS,  NOUMEA,
NOVJ,  IGS,  Novosibirsk,
NPLD,  IGS,  Teddington,
NRC1,  IGS,  OTTAWA,
NRIL,  IGS,  Norilsk,
NSSP,  IGS,  Yerevan,
NTUS,  IGS,  Singapore,
NVSK,  IGS,  Novosibirsk,
NYA1,  IGS,  Ny-Alesund,
NYAL,  IGS,  Ny-Alesund,
OAT2,  IGS,  Santa Susana Mountains,
OBE2,  IGS,  Oberpfaffenhofen,
OBET,  IGS,  Wessling,
OHI2,  IGS,  O Higgins,
OHI3,  IGS,  O Higgins,
ONSA,  IGS,  Onsala,
OPMT,  IGS,  Paris,
ORID,  IGS,  Ohrid,
OSJE,  IGS,  Osijek,
OUS2,  IGS,  Dunedin,
PADO,  IGS,  Padova,
PARC,  IGS,  Punta Arenas,
PDEL,  IGS,  Ponta Delgada,
PENC,  IGS,  Penc, 50 km northward from Budapest,
PERT,  IGS,  Perth,
PETP,  IGS,  Petropavlovsk-Kamchatka,
PETS,  IGS,  Petropavlovsk-Kamchatka,
PICL,  IGS,  PICKLE LAKE,
PIE1,  IGS,  Pie Town,
PIMO,  IGS,  Quezon City,
PIN1,  IGS,  Pinyon Flat,
POL2,  IGS,  Bishkek,
POLV,  IGS,  Poltava,
POTS,  IGS,  Potsdam,
PRDS,  IGS,  CALGARY,
PTBB,  IGS,  Braunschweig,
QAQ1,  IGS,  Qaqortoq / Julianehaab,
QUIN,  IGS,  Quincy,
RABT,  IGS,  Rabat,
RAMO,  IGS,  Mitzpe Ramon,
RBAY,  IGS,  Richardsbay,
RESO,  IGS,  Resolute (Cornwallis Island),
REUN,  IGS,  Le Tampon,
REYK,  IGS,  Reykjavik,
REYZ,  IGS,  Reykjavik,
RIOG,  IGS,  Rio Grande,
RIOP,  IGS,  Riobamba,
ROCH,  IGS,  Pinemeadow,
ROCK,  IGS,  Simi Valley,
SACH,  IGS,  Sachs Harbour (Banks Island),
SANT,  IGS,  Santiago,
SASS,  IGS,  Sassnitz Island of Ruegen,
SCH2,  IGS,  SCHEFFERVILLE,
SCIP,  IGS,  San Clemente Island,
SCUB,  IGS,  Santiago de Cuba,
SELE,  IGS,  Almaty,
SEY1,  IGS,  La Misere,
SFDM,  IGS,  Piru,
SFER,  IGS,  San Fernando (Cadiz),
SHAO,  IGS,  Sheshan,
SIMO,  IGS,  Simonstown,
SIO3,  IGS,  La Jolla,
SLOR,  IGS,  San Lorenzo,
SNI1,  IGS,  San Nicolas Island,
SOFI,  IGS,  Sofia,
SOL1,  IGS,  Solomons Island,
SOLA,  IGS,  Solar Village,
SPK1,  IGS,  Saddle Peak,
SPT0,  IGS,  Boras,
SSIA,  IGS,  San Salvador,
STJO,  IGS,  ST. JOHN S,
STR1,  IGS,  Canberra,
STR2,  IGS,  Canberra,
SULP,  IGS,  Lviv,
SUNM,  IGS,  BRISBANE,
SUTH,  IGS,  Sutherland,
SUTM,  IGS,  Sutherland,
SUVA,  IGS,  Suva,
SUWN,  IGS,  Suwon-shi,
SVTL,  IGS,  Svetloe,
SYOG,  IGS,  East Ongle Island,
TABL,  IGS,  Wrightwood,
TCMS,  IGS,  Hsinchu,
TGCV,  IGS,  Palmeira,
THTI,  IGS,  Papeete,
THU2,  IGS,  Thule Airbase,
THU3,  IGS,  THULE AIRBASE,
TID1,  IGS,  (Near) Canberra,
TID2,  IGS,  Tidbinbilla,
TIDB,  IGS,  Tidbinbilla,
TITZ,  IGS,  Titz,
TIXI,  IGS,  Tixi,
TLSE,  IGS,  Toulouse,
TNML,  IGS,  Hsinchu,
TORP,  IGS,  Torrance,
TOW2,  IGS,  Cape Ferguson,
TRAB,  IGS,  Trabzon,
TRAK,  IGS,  Irvine,
TRO1,  IGS,  Tromsoe,
TROM,  IGS,  Tromsoe,
TSKB,  IGS,  Tsukuba,
TUBI,  IGS,  Gebze,
TUKT,  IGS,  Tuktoyaktuk,
TWTF,  IGS,  Taoyuan,
UCLP,  IGS,  Los Angeles,
UCLU,  IGS,  Ucluelet,
ULAB,  IGS,  Ulaanbataar,
UNB1,  IGS,  Fredericton,
UNFE,  IGS,  FERRARA,
UNSA,  IGS,  Salta,
URUM,  IGS,  Urumqi,
USC1,  IGS,  Los Angeles,
USN1,  IGS,  Washington,
USNA,  IGS,  Annapolis,
USNO,  IGS,  Washington,
USUD,  IGS,  Usuda,
UZHL,  IGS,  Uzhgorod,
VALD,  IGS,  VAL D OR,
VALP,  IGS,  Valparaiso,
VENE,  IGS,  VENEZIA,
VESL,  IGS,  Sanae IV,
VILL,  IGS,  Villafranca,
VIS0,  IGS,  Visby,
VNDP,  IGS,  Vandenberg Air Force Base,
WARN,  IGS,  Rostock-Warnemuende,
WES2,  IGS,  Westford,
WHC1,  IGS,  Whittier,
WHIT,  IGS,  WHITEHORSE,
WIDC,  IGS,  Sky Valley,
WILL,  IGS,  Williams Lake,
WLSN,  IGS,  Mt. Wilson,
WROC,  IGS,  WROCLAW,
WSLR,  IGS,  Whistler,
WSRT,  IGS,  Westerbork,
WTZA,  IGS,  Koetzting,
WTZJ,  IGS,  Koetzting,
WTZR,  IGS,  Koetzting,
WTZT,  IGS,  Koetzting,
WTZZ,  IGS,  Koetzting,
WUHN,  IGS,  Wuhan City,
XIAN,  IGS,  Lintong,
YAKT,  IGS,  Yakutsk,
YAKZ,  IGS,  Yakutsk,
YAR1,  IGS,  Mingenew,
YAR2,  IGS,  Dongara,
YARR,  IGS,  Dongara,
YEBE,  IGS,  Yebes,
YELL,  IGS,  YELLOWKNIFE,
YIBL,  IGS,  Yibal,
YKRO,  IGS,  Yamoussoukro,
YSSK,  IGS,  Yuzhno-Sakhalinsk,
ZAMB,  IGS,  Lusaka,
ZECK,  IGS,  Zelenchukskaya,
ZIMJ,  IGS,  Zimmerwald,
ZIMM,  IGS,  Zimmerwald,
ZIMZ,  IGS,  Zimmerwald,
ZWEN,  IGS,  Zwenigorod,
GODF,  IGS,  ,
JOGJ,  IGS,  ,
LPGM,  IGS,  ,
MCMZ,  IGS,  ,
NYA2,  IGS,  ,
OKC2,  IGS,  ,
POTM,  IGS,  ,
REDU,  IGS,  ,
TASH,  IGS,  ,
USN3,  IGS,  ,
WUH2,  IGS,  ,
92106,  GSI,  宇佐美,  静岡県 伊東市 宇佐美コミュニティセンター
92107,  GSI,  伊東,  静岡県 伊東市 玖須美中継ポンプ場
92110,  GSI,  つくば１,  茨城県 つくば市 国土交通省国土地理院
93001,  GSI,  佐野,  栃木県 佐野市 佐野市立吾妻中学校
93002,  GSI,  八郷,  茨城県 八郷町 八郷町立芦穂小学校
93003,  GSI,  三和,  茨城県 三和町 三和町諸川コミュニティパーク
93004,  GSI,  鉾田,  茨城県 鉾田町 鉾田町立諏訪小学校
93005,  GSI,  江南,  埼玉県 江南町 江南町浄水場
93006,  GSI,  出島,  茨城県 霞ヶ浦町 霞ヶ浦町立北中学校
93007,  GSI,  久喜,  埼玉県 久喜市 埼玉県園芸試験場
93008,  GSI,  庄和,  埼玉県 庄和町 庄和町立富多小学校
93009,  GSI,  茨城鹿嶋,  茨城県 鹿嶋市 独立行政法人 情報通信研究機構 鹿島宇宙ｾﾝﾀｰ
93010,  GSI,  桜川,  茨城県 桜川村 桜川村立桜川中学校
93011,  GSI,  川越,  埼玉県 川越市 川越市立今成小学校
93012,  GSI,  守谷,  茨城県 守谷市 守谷市立けやき台中学校
93013,  GSI,  大宮,  埼玉県 さいたま市 旧さいたま市立堀崎学校給食センター跡
93014,  GSI,  利根,  茨城県 利根町 利根町立文小学校
93015,  GSI,  大栄,  千葉県 大栄町 大栄町立川上小学校
93016,  GSI,  足立,  東京都 足立区 足立区一ツ家中央公園
93017,  GSI,  練馬,  東京都 練馬区 練馬区立田柄第二小学校
93018,  GSI,  白井,  千葉県 白井市 白井市立大山口小学校
93019,  GSI,  小金井,  東京都 小金井市 独立行政法人 情報通信研究機構
93020,  GSI,  富里,  千葉県 富里市 富里市立向台幼稚園
93021,  GSI,  干潟,  千葉県 干潟町 干潟町万歳自然公園
93022,  GSI,  銚子,  千葉県 銚子市 銚子市立第三中学校
93023,  GSI,  千葉市川,  千葉県 市川市 市川市立南行徳公園
93024,  GSI,  千葉松尾,  千葉県 松尾町 松尾町運動公園
93025,  GSI,  千葉緑,  千葉県 千葉市 千葉県農業総合研究センター
93026,  GSI,  神奈川川崎,  神奈川県 川崎市 川崎市立玉川小学校
93027,  GSI,  大網白里,  千葉県 大網白里町 大網白里町立大網中学校
93028,  GSI,  町田,  東京都 町田市 町田市立南第一小学校
93029,  GSI,  厚木,  神奈川県 厚木市 厚木市荻野運動公園
93030,  GSI,  市原１,  千葉県 市原市 市原市立有秋西小学校
93031,  GSI,  山北,  神奈川県 山北町 山北町立三保中学校
93032,  GSI,  横浜,  神奈川県 横浜市 横浜市立北方小学校
93033,  GSI,  長生,  千葉県 長生村 長生村尼ヶ台総合公園
93034,  GSI,  藤沢,  神奈川県 藤沢市 藤沢市八部公園（鵠沼運動公園）
93035,  GSI,  二宮,  神奈川県 二宮町 富士見が丘1丁目第3遊園地（秋葉公園）
93036,  GSI,  富津,  千葉県 富津市 富津市立富津小学校
93037,  GSI,  市原２,  千葉県 市原市 市原市立加茂中学校
93038,  GSI,  御殿場,  静岡県 御殿場市 御殿場市桜公園
93039,  GSI,  鋸南,  千葉県 鋸南町 鋸南町学校給食センター
93040,  GSI,  三浦１,  神奈川県 三浦市 県立城ケ島公園
93041,  GSI,  勝浦,  千葉県 勝浦市 勝浦市立荒川小学校
93042,  GSI,  湯河原,  神奈川県 湯河原町 湯河原町立湯河原中学校
93043,  GSI,  静岡清水町,  静岡県 清水町 清水町総合運動公園
93044,  GSI,  鴨川,  千葉県 鴨川市 鴨川市営総合運動場
93045,  GSI,  鹿野山,  千葉県 君津市 国土地理院 鹿野山測地観測所
93046,  GSI,  大仁,  静岡県 大仁町 さつきヶ丘公園
93047,  GSI,  館山,  千葉県 館山市 館山市収集管理センター
93048,  GSI,  小室山,  静岡県 伊東市 伊東市小室山公園
93049,  GSI,  天城湯ヶ島１,  静岡県 伊豆市 伊豆市立月ヶ瀬小学校
93050,  GSI,  引佐,  静岡県 引佐町 引佐町多目的研修センター(駐車場)
93051,  GSI,  大島１,  東京都 大島町 大島町立第二中学校
93052,  GSI,  掛川,  静岡県 掛川市 掛川市立城北小学校
93053,  GSI,  河津,  静岡県 河津町 河津町立河津中学校
93054,  GSI,  浜松,  静岡県 浜松市 静岡県立浜松南高等学校
93055,  GSI,  大島２,  東京都 大島町 大島町立第三中学校
93056,  GSI,  豊橋,  愛知県 豊橋市 豊橋市立高根小学校
93057,  GSI,  新島,  東京都 新島村 新島村立新島中学校
93058,  GSI,  神津島１,  東京都 神津島村 神津島村開発総合センター
93059,  GSI,  三宅１,  東京都 三宅村 三宅村立三宅中学校
93060,  GSI,  三宅２,  東京都 三宅村 三宅村立坪田中学校
93061,  GSI,  中伊豆,  静岡県 伊豆市 国民宿舎中伊豆荘
93062,  GSI,  伊東八幡野,  静岡県 伊東市 いがいが根駐車場(伊東市営駐車場)
93063,  GSI,  秋川,  東京都 あきる野市 あきる野市楓ヶ原公園
93064,  GSI,  山梨大月,  山梨県 大月市 大月市営総合グランド陸上競技場
93065,  GSI,  藤野,  神奈川県 藤野町 藤野町立日連小学校
93066,  GSI,  秦野,  神奈川県 秦野市 菩提峠
93067,  GSI,  横須賀,  神奈川県 横須賀市 不入斗（いりやまず）運動公園
93068,  GSI,  箱根,  神奈川県 箱根町 箱根町立箱根明星中学校
93069,  GSI,  中富,  山梨県 中富町 山梨県峡南地方勤労青年センター
93070,  GSI,  富士吉田,  山梨県 富士吉田市 富士吉田市立下吉田東小学校
93071,  GSI,  富士宮１,  静岡県 富士宮市 富士宮市立井之頭保育園
93072,  GSI,  裾野１,  静岡県 裾野市 静岡県水ヶ塚公園
93073,  GSI,  南部,  山梨県 南部町 南部町立睦合小学校
93074,  GSI,  静岡１,  静岡県 静岡市 井川開拓牧場
93075,  GSI,  富士宮２,  静岡県 富士宮市 学校法人静岡理工科大学星陵高等学校
93076,  GSI,  富士,  静岡県 富士市 静岡県立吉原工業高等学校
93077,  GSI,  静岡清水市１,  静岡県 静岡市 八木間ポンプ場第一取水井
93078,  GSI,  静岡２,  静岡県 静岡市 野田平共同製茶組合
93079,  GSI,  本川根,  静岡県 本川根町 本川根町立南小学校
93081,  GSI,  静岡３,  静岡県 静岡市 静岡市城北公園
93084,  GSI,  東栄,  愛知県 東栄町 東栄町立東栄中学校
93085,  GSI,  西伊豆,  静岡県 西伊豆町 先川浄水場
93086,  GSI,  南伊豆２,  静岡県 南伊豆町 石廊崎ジャングルパーク駐車場
93088,  GSI,  川根,  静岡県 川根町 川根町立川根小学校
93089,  GSI,  静岡森,  静岡県 森町 森町立森中学校
93090,  GSI,  天竜,  静岡県 天竜市 天竜市立竜川中学校
93091,  GSI,  静岡相良１,  静岡県 相良町 学校組合立牧之原中学校
93092,  GSI,  榛原,  静岡県 榛原町 榛原町立川崎小学校
93093,  GSI,  大東１,  静岡県 大東町 大東町立佐束小学校
93094,  GSI,  浜岡１,  静岡県 御前崎市 御前崎市立浜岡中学校
93095,  GSI,  浅羽,  静岡県 浅羽町 浅羽町営野外球技場
93096,  GSI,  袋井,  静岡県 袋井市 袋井市小鳩公園
93097,  GSI,  浜北,  静岡県 浜北市 浜北市立北浜小学校
93098,  GSI,  竜洋,  静岡県 竜洋町 竜洋町立竜洋東小学校
93099,  GSI,  鳳来,  愛知県 鳳来町 鳳来町立長篠保育園
93100,  GSI,  雄踏,  静岡県 雄踏町 雄踏町立雄踏小学校
93101,  GSI,  御前崎,  静岡県 御前崎市 御前崎市立御前崎小学校
93102,  GSI,  愛知一宮町,  愛知県 一宮町 一宮町立一宮東部小学校
93103,  GSI,  三ヶ日,  静岡県 三ヶ日町 三ヶ日町立西小学校
93104,  GSI,  湖西,  静岡県 湖西市 湖西運動公園
95105,  GSI,  初島,  静岡県 熱海市 初島公園
95113,  GSI,  八丈,  東京都 八丈町 八丈町富士野球場
940001,  GSI,  稚内,  北海道 稚内市 声問公園
940002,  GSI,  興部,  北海道 興部町 興部町立沙留小学校
940003,  GSI,  羽幌,  北海道 羽幌町 羽幌町築別集会所
940004,  GSI,  斜里,  北海道 斜里町 オホーツク霊園
940005,  GSI,  弟子屈,  北海道 弟子屈町 釧路圏摩周観光文化センター
940006,  GSI,  根室１,  北海道 根室市 根室市塵芥焼却場
940007,  GSI,  美瑛,  北海道 美瑛町 美瑛町立美瑛中学校
940008,  GSI,  増毛,  北海道 増毛町 ホテル増毛
940009,  GSI,  浜中,  北海道 浜中町 アゼチ岬駐車場 海岸公園
940010,  GSI,  釧路市,  北海道 釧路市 釧路市立朝陽小学校
940011,  GSI,  池田,  北海道 池田町 池田町立高島町民センター
940012,  GSI,  占冠,  北海道 占冠村 占冠村運動公園
940013,  GSI,  小樽１,  北海道 小樽市 小樽市平磯公園
940014,  GSI,  長沼,  北海道 長沼町 長沼町有地（長沼第五小学校跡地）
940015,  GSI,  広尾,  北海道 広尾町 シーサイドパーク広尾
940016,  GSI,  静内,  北海道 静内町 清水丘幼児公園
940017,  GSI,  瀬棚,  北海道 瀬棚町 瀬棚地区農村公園　隣地
940018,  GSI,  室蘭,  北海道 室蘭市 白鳥台5丁目5号公園
940019,  GSI,  えりも１,  北海道 えりも町 えりも町スポーツ公園
940020,  GSI,  奥尻１,  北海道 奥尻町 うにまる公園
940021,  GSI,  乙部,  北海道 乙部町 元和台海浜公園
940022,  GSI,  函館,  北海道 函館市 函館市立北美原小学校
940023,  GSI,  松前,  北海道 松前町 町営牧場
940024,  GSI,  むつ,  青森県 むつ市 むつ市立第一田名部小学校
940026,  GSI,  鰺ヶ沢,  青森県 鯵ヶ沢町 鰺ケ沢町立鳴沢小学校
940027,  GSI,  久慈,  岩手県 久慈市 久慈市立宇部小学校
940028,  GSI,  宮古,  岩手県 宮古市 宮古市立津軽石中学校
940029,  GSI,  水沢１,  岩手県 水沢市 水沢測地観測所
940030,  GSI,  男鹿１,  秋田県 男鹿市 男鹿市立男鹿北中学校
940031,  GSI,  本荘,  秋田県 本荘市 本荘市石脇公園
940032,  GSI,  酒田,  山形県 酒田市 酒田市緑ヶ丘二丁目公園
940033,  GSI,  山形新庄,  山形県 新庄市 新庄市東山公園
940034,  GSI,  温海,  山形県 温海町 温海町立鼠ケ関小学校
940035,  GSI,  天童,  山形県 天童市 天童市東長岡公園
940036,  GSI,  女川,  宮城県 女川町 女川運動場
940037,  GSI,  利府,  宮城県 利府町 利府町立第二小学校
940038,  GSI,  相馬１,  福島県 相馬市 相馬市立養護学校
940040,  GSI,  山都,  福島県 山都町 東小川健康公園
940041,  GSI,  いわき,  福島県 いわき市 いわき市フラワーセンター
940042,  GSI,  日立,  茨城県 日立市 日立市立金沢小学校
940043,  GSI,  栃木,  栃木県 栃木市 栃木市総合運動公園
940044,  GSI,  新治,  群馬県 新治村 新治村立須川小学校
940045,  GSI,  富岡,  群馬県 富岡市 学校給食センター
940046,  GSI,  大町,  長野県 大町市 大町市立仁科台中学校
940047,  GSI,  箕輪,  長野県 箕輪町 箕輪町立箕輪西小学校
940048,  GSI,  中道,  山梨県 中道町 曽根丘陵公園
940049,  GSI,  村上,  新潟県 村上市 村上市運動公園
940050,  GSI,  新潟,  新潟県 新潟市 新潟市立青山小学校
940051,  GSI,  柏崎１,  新潟県 柏崎市 柏崎市立松浜中学校
940052,  GSI,  入善,  富山県 入善町 入善町立上青小学校
940053,  GSI,  輪島,  石川県 輪島市 輪島市立大屋小学校
940054,  GSI,  内灘,  石川県 内灘町 内灘町総合公園
940055,  GSI,  三国,  福井県 三国町 三国町立加戸小学校
940056,  GSI,  敦賀,  福井県 敦賀市 敦賀市愛発プール
940057,  GSI,  宮津,  京都府 宮津市 宮津市立栗田小学校
940058,  GSI,  高山,  岐阜県 高山市 高山市立岩滝小学校
940059,  GSI,  下呂,  岐阜県 下呂市 下呂市立下呂小学校
940060,  GSI,  美濃,  岐阜県 美濃市 美濃市立中有知小学校
940061,  GSI,  中津川,  岐阜県 中津川市 中津川市立阿木小学校
940062,  GSI,  八日市,  滋賀県 八日市市 八日市立八日市西小学校
940063,  GSI,  日進,  愛知県 日進市 日進市民会館
940064,  GSI,  津,  三重県 津市 津市立一身田小学校
940065,  GSI,  鳥羽,  三重県 鳥羽市 鳥羽市立鳥羽東中学校
940066,  GSI,  尾鷲,  三重県 尾鷲市 尾鷲市立尾鷲中学校
940067,  GSI,  箕面,  大阪府 箕面市 箕面市立第２総合運動場
940068,  GSI,  奈良吉野,  奈良県 吉野町 吉野町立吉野小学校
940069,  GSI,  和歌山海南,  和歌山県 海南市 海南市立第二中学校
940070,  GSI,  串本,  和歌山県 串本町 串本町立綿富小学校
940071,  GSI,  兵庫御津,  兵庫県 御津町 御津町立御津幼稚園
940072,  GSI,  岩美,  鳥取県 岩美町 岩美町立岩美北小学校
940073,  GSI,  東伯,  鳥取県 東伯町 東伯町立浦安小学校
940074,  GSI,  松江,  島根県 松江市 松江市立湖南中学校
940075,  GSI,  江津,  島根県 江津市 江津市立高角小学校
940076,  GSI,  須佐,  山口県 須佐町 須佐町立須佐中学校
940077,  GSI,  笠岡,  岡山県 笠岡市 笠岡市立吉田小学校
940078,  GSI,  広島熊野,  広島県 熊野町 熊野町立熊野中学校
940079,  GSI,  下関,  山口県 下関市 下関市立垢田中学校
940080,  GSI,  高松,  香川県 高松市 香川県立高松南高等学校
940081,  GSI,  阿南１,  徳島県 阿南市 阿南第一中学校
940082,  GSI,  室戸,  高知県 室戸市 国立室戸少年自然の家
940083,  GSI,  高知,  高知県 高知市 高知市立十津小学校
940084,  GSI,  中土佐１,  高知県 中土佐町 中土佐町立上ノ加江中学校
940085,  GSI,  土佐清水,  高知県 土佐清水市 土佐清水市立中浜小学校
940086,  GSI,  伊方,  愛媛県 伊方町 国道197号沿い
940087,  GSI,  古賀,  福岡県 古賀市 古賀市立古賀中学校
940088,  GSI,  安岐,  大分県 安岐町 安岐町高齢者生活福祉センタ-
940089,  GSI,  日田,  大分県 日田市 日田市立有田小学校
940090,  GSI,  大分佐伯,  大分県 佐伯市 佐伯市立下堅田小学校
940091,  GSI,  玄海,  佐賀県 玄海町 玄海町立仮屋小学校
940092,  GSI,  長崎,  長崎県 長崎市 南部地区公園
940093,  GSI,  千丁,  熊本県 千丁町 北村農公園
940094,  GSI,  日向,  宮崎県 日向市 大王谷運動公園
940095,  GSI,  佐土原,  宮崎県 佐土原町 佐土原町立久峰中学校
940096,  GSI,  阿久根,  鹿児島県 阿久根市 国民宿舎あくね
940097,  GSI,  鹿児島１,  鹿児島県 鹿児島市 錦江ゴルフクラブ
940098,  GSI,  枕崎,  鹿児島県 枕崎市 台場公園
940099,  GSI,  内之浦,  鹿児島県 内之浦町 内之浦町総合グランド
940100,  GSI,  玉城,  沖縄県 玉城村 玉城村国民陸上競技場
950101,  GSI,  猿払,  北海道 猿払村 猿払村営牧場
950102,  GSI,  礼文,  北海道 礼文町 礼文町立尺忍小学校
950103,  GSI,  枝幸,  北海道 枝幸町 北緯４５度記念広場
950104,  GSI,  天塩,  北海道 天塩町 天塩町いつくしま公園
950105,  GSI,  音威子府,  北海道 音威子府村 音威子府村山村広場
950106,  GSI,  天売島,  北海道 羽幌町 羽幌町役場天売支所
950107,  GSI,  下川,  北海道 下川町 下川町桜ヶ丘公園
950108,  GSI,  常呂,  北海道 常呂町 豊川地区農村公園
950109,  GSI,  羅臼,  北海道 羅臼町 羅臼町有地
950110,  GSI,  幌加内,  北海道 幌加内町 幌加内町立幌加内中学校
950111,  GSI,  丸瀬布,  北海道 丸瀬布町 丸瀬布町中央公民館
950112,  GSI,  音別,  北海道 音別町 音別町立音別中学校
950113,  GSI,  中標津,  北海道 中標津町 中標津町立広陵中学校
950114,  GSI,  北見,  北海道 北見市 北見市心身障害者共同作業所工房みさと
950115,  GSI,  標津,  北海道 標津町 標津町役場
950116,  GSI,  別海１,  北海道 別海町 西公民館
950117,  GSI,  厚田,  北海道 厚田村 厚田公園
950118,  GSI,  別海２,  北海道 別海町 別海町交流センター郊楽苑
950119,  GSI,  根室２,  北海道 根室市 根室市立珸瑤瑁小学校
950120,  GSI,  積丹,  北海道 積丹町 積丹町Ｂ＆Ｇ財団海洋センター
950121,  GSI,  足寄,  北海道 足寄町 足寄町有地
950122,  GSI,  鶴居,  北海道 鶴居村 鶴居村有地
950123,  GSI,  上士幌,  北海道 上士幌町 上士幌町中央公園
950124,  GSI,  阿寒１,  北海道 阿寒町 阿寒町立阿寒中学校
950125,  GSI,  厚岸,  北海道 厚岸町 道の駅「厚岸」（厚岸味覚ターミナル･コンキリエ）
950126,  GSI,  泊,  北海道 泊村 泊村公民館
950127,  GSI,  共和,  北海道 共和町 森林健康公園
950128,  GSI,  札幌,  北海道 札幌市 札幌市北方自然教育園
950129,  GSI,  京極,  北海道 京極町 京極町立京極小学校
950130,  GSI,  蘭越,  北海道 蘭越町 黄金公園
950131,  GSI,  寿都,  北海道 寿都町 寿都町立寿都中学校
950132,  GSI,  厚真,  北海道 厚真町 かしわ公園
950133,  GSI,  平取,  北海道 平取町 鉄道記念公園
950134,  GSI,  中札内,  北海道 中札内村 中島農業センター
950135,  GSI,  大滝,  北海道 大滝村 大滝村基幹集落センター
950136,  GSI,  苫小牧,  北海道 苫小牧市 緑ヶ丘公園
950137,  GSI,  洞爺,  北海道 洞爺村 とうやクリーナップセンター
950138,  GSI,  大樹,  北海道 大樹町 大樹町営晩成牧場
950139,  GSI,  白老,  北海道 白老町 町民ふれあい広場
950140,  GSI,  長万部,  北海道 長万部町 長万部慈恵園
950141,  GSI,  門別,  北海道 門別町 デイ･サービスセンター(やすらぎ荘)
950142,  GSI,  三石,  北海道 三石町 三石町特別養護老人ホーム蓬莱荘
950143,  GSI,  八雲,  北海道 八雲町 八雲スポーツ公園
950144,  GSI,  様似,  北海道 様似町 アポイの火まつり資材センター
950145,  GSI,  熊石,  北海道 熊石町 熊石町有地(青少年旅行村)
950146,  GSI,  北海道森,  北海道 森町 オニウシ公園
950147,  GSI,  鹿部,  北海道 鹿部町 山村広場
950148,  GSI,  椴法華,  北海道 椴法華村 椴法華村立椴法華中学校
950149,  GSI,  知内,  北海道 知内町 知内町有地(学校跡地)
950150,  GSI,  佐井,  青森県 佐井村 佐井村立原田小学校
950151,  GSI,  蟹田,  青森県 蟹田町 蟹田一本松地区公園
950152,  GSI,  六ヶ所,  青森県 六ヶ所村 六ヶ所村立第一中学校
950153,  GSI,  十和田,  青森県 十和田市 十和田市立ちとせ小学校
950154,  GSI,  岩崎,  青森県 岩崎村 岩崎村総合スポーツセンター
950155,  GSI,  大鰐,  青森県 大鰐町 大鰐町立蔵館小学校
950156,  GSI,  八戸,  青森県 八戸市 八戸市立小中野中学校
950157,  GSI,  田子,  青森県 田子町 田子町立上郷小学校
950158,  GSI,  種市,  岩手県 種市町 種市町立種市小学校
950159,  GSI,  二戸,  岩手県 二戸市 二戸市立中央小学校
950160,  GSI,  葛巻,  岩手県 葛巻町 葛巻町総合運動公園
950161,  GSI,  岩手,  岩手県 岩手町 岩手町立沼宮内中学校
950162,  GSI,  岩泉１,  岩手県 岩泉町 岩泉町立小本小学校大牛内分校
950163,  GSI,  玉山,  岩手県 玉山村 玉山村総合運動公園
950164,  GSI,  岩泉２,  岩手県 岩泉町 岩泉町立岩泉中学校
950165,  GSI,  雫石,  岩手県 雫石町 雫石総合運動公園
950166,  GSI,  矢巾,  岩手県 矢巾町 矢巾町間野々公民館
950167,  GSI,  山田,  岩手県 山田町 山田町立町民グラウンド
950168,  GSI,  花巻,  岩手県 花巻市 花巻市立西南中学校
950169,  GSI,  遠野,  岩手県 遠野市 遠野市立遠野中学校
950170,  GSI,  釜石,  岩手県 釜石市 釜石市立甲子中学校
950171,  GSI,  大船渡,  岩手県 大船渡市 大船渡市森林総合利用施設ﾌﾚｱｲﾗﾝﾄﾞ尾崎岬
950172,  GSI,  気仙沼,  宮城県 気仙沼市 気仙沼市立気仙沼小学校
950173,  GSI,  栗駒,  宮城県 栗駒町 栗駒町立栗駒中学校
950174,  GSI,  鳴子,  宮城県 鳴子町 鳴子町町営放牧場
950175,  GSI,  志津川,  宮城県 志津川町 志津川町立志津川小学校
950176,  GSI,  涌谷,  宮城県 涌谷町 涌谷町町民医療福祉センター
950177,  GSI,  宮城大和,  宮城県 大和町 学校法人日本建設学園東北理工専門学校
950178,  GSI,  宮城川崎,  宮城県 川崎町 川崎町立川内小学校
950179,  GSI,  亘理,  宮城県 亘理町 亘理町立亘理中学校
950180,  GSI,  七ヶ宿,  宮城県 七ヶ宿町 七ヶ宿町立関小学校
950181,  GSI,  大館,  秋田県 大館市 大館市立第二中学校
950182,  GSI,  藤里,  秋田県 藤里町 藤里町立藤里小学校
950183,  GSI,  鹿角,  秋田県 鹿角市 鹿角市役所
950184,  GSI,  能代,  秋田県 能代市 能代地区土地改良区
950185,  GSI,  阿仁,  秋田県 阿仁町 阿仁町立阿仁合小学校
950186,  GSI,  五城目,  秋田県 五城目町 馬川地区公民館
950187,  GSI,  西木,  秋田県 西木村 西木村総合健康増進センター
950188,  GSI,  河辺,  秋田県 河辺町 河辺町立河辺小学校
950189,  GSI,  西仙北,  秋田県 西仙北町 西仙北町立東中学校
950190,  GSI,  横手,  秋田県 横手市 横手市立朝倉小学校
950191,  GSI,  象潟,  秋田県 象潟町 象潟町民野球場
950192,  GSI,  鳥海,  秋田県 鳥海町 鳥海町立直根小学校
950193,  GSI,  皆瀬,  秋田県 皆瀬村 皆瀬村運動広場
950194,  GSI,  飛島,  山形県 酒田市 飛島験潮場
950195,  GSI,  立川,  山形県 立川町 立川町南部児童館
950196,  GSI,  朝日,  山形県 朝日村 朝日村本郷地区山村広場
950197,  GSI,  山形小国,  山形県 小国町 越中里活性化センター
950198,  GSI,  米沢,  山形県 米沢市 米沢市立六郷小学校
950199,  GSI,  白鷹,  山形県 白鷹町 白鷹町立鮎貝小学校
950200,  GSI,  福島,  福島県 福島市 福島市立金谷川小学校
950201,  GSI,  浪江,  福島県 浪江町 浪江町立津島小学校
950202,  GSI,  猪苗代１,  福島県 猪苗代町 猪苗代町営磐梯山牧場
950203,  GSI,  小高,  福島県 小高町 小高町立福浦小学校
950204,  GSI,  金山,  福島県 金山町 金山町中川運動場
950205,  GSI,  滝根,  福島県 滝根町 滝根町立滝根中学校
950206,  GSI,  只見,  福島県 只見町 只見町立朝日中学校
950207,  GSI,  福島南郷,  福島県 南郷村 南郷村農村環境改善センター
950208,  GSI,  楢葉,  福島県 楢葉町 楢葉町立楢葉中学校
950209,  GSI,  下郷,  福島県 下郷町 下郷町立下郷中学校
950210,  GSI,  白河,  福島県 白河市 白河市立白河第四小学校
950211,  GSI,  古殿,  福島県 古殿町 古殿町立古殿中学校
950212,  GSI,  矢祭,  福島県 矢祭町 矢祭町立関岡小学校
950213,  GSI,  美和,  茨城県 美和村 美和村花立自然公園
950214,  GSI,  北茨城,  茨城県 北茨城市 北茨城市民体育館
950215,  GSI,  岩瀬,  茨城県 岩瀬町 岩瀬町立坂戸小学校
950216,  GSI,  水戸,  茨城県 水戸市 水戸市立吉田小学校
950217,  GSI,  大田原,  栃木県 大田原市 大田原東地区公民館
950218,  GSI,  日光,  栃木県 日光市 日光市立小来川小学校・中学校
950219,  GSI,  宇都宮,  栃木県 宇都宮市 宇都宮市立海道小学校
950220,  GSI,  片品,  群馬県 片品村 片品村寄居山公園
950221,  GSI,  嬬恋,  群馬県 嬬恋村 嬬恋村立鎌原小学校
950222,  GSI,  桐生,  群馬県 桐生市 桐生市立教育研究所
950223,  GSI,  秩父,  埼玉県 秩父市 秩父市立秩父第二中学校
950224,  GSI,  越谷,  埼玉県 越谷市 越谷市東越谷第二公園
950225,  GSI,  千葉花見川,  千葉県 千葉市 千葉市幕張舟溜跡公園
950226,  GSI,  千葉大原,  千葉県 大原町 大原町総合グラウンド
950227,  GSI,  丸山,  千葉県 丸山町 丸山町北緯35度東端の地公園（仮称）
950228,  GSI,  世田谷,  東京都 世田谷区 日本大学文理学部グラウンド
950229,  GSI,  大井,  神奈川県 大井町 大井町立相和小学校
950230,  GSI,  小田原,  神奈川県 小田原市 久野兎河原公園
950231,  GSI,  粟島浦,  新潟県 粟島浦村 粟島漁港（漁港環境整備施設用地）
950232,  GSI,  両津１,  新潟県 佐渡市 佐渡市立内海府中学校
950233,  GSI,  両津２,  新潟県 佐渡市 佐渡市立河崎小学校
950234,  GSI,  新発田,  新潟県 新発田市 新発田市立東中学校
950235,  GSI,  小木,  新潟県 佐渡市 小木漁港（漁港環境整備施設用地）
950236,  GSI,  鹿瀬,  新潟県 鹿瀬町 鹿瀬町立鹿瀬保育所
950237,  GSI,  寺泊,  新潟県 寺泊町 寺泊町野積河川公園
950238,  GSI,  新潟加茂,  新潟県 加茂市 県立加茂農林高等学校
950239,  GSI,  栃尾,  新潟県 栃尾市 栃尾市立秋葉中学校
950240,  GSI,  小千谷,  新潟県 小千谷市 小千谷市立小千谷中学校
950241,  GSI,  大潟,  新潟県 大潟町 大潟町立大潟町中学校
950242,  GSI,  新潟大和,  新潟県 大和町 大和町公民館
950243,  GSI,  名立,  新潟県 名立町 シーサイドパーク名立
950244,  GSI,  松之山,  新潟県 松之山町 特別養護老人ホーム不老閣
950245,  GSI,  糸魚川１,  新潟県 糸魚川市 糸魚川市立糸魚川東小学校
950246,  GSI,  塩沢,  新潟県 塩沢町 塩沢町大原運動公園
950247,  GSI,  妙高高原,  新潟県 妙高高原町 妙高高原町総合運動公園
950248,  GSI,  高岡,  富山県 高岡市 高岡市立木津小学校
950249,  GSI,  富山,  富山県 富山市 富山市立新保小学校
950250,  GSI,  大山,  富山県 大山町 ウェルサンピア立山（富山厚生年金休暇センター）
950251,  GSI,  上平,  富山県 上平村 上平村立上平中学校
950252,  GSI,  舳倉島,  石川県 輪島市 輪島市立河井小･松陵中学校舳倉島分校
950253,  GSI,  珠洲,  石川県 珠洲市 野々江総合公園
950254,  GSI,  志賀,  石川県 志賀町 志賀町立高浜中学校
950255,  GSI,  小松,  石川県 小松市 ふれあい健康広場
950256,  GSI,  白峰,  石川県 白峰村 御前荘
950257,  GSI,  丸岡,  福井県 丸岡町 丸岡運動公園
950258,  GSI,  大野,  福井県 大野市 大野市立有終東小学校
950259,  GSI,  越前,  福井県 越前町 越前町立四ヶ浦小学校
950260,  GSI,  今庄,  福井県 今庄町 今庄町立湯尾小学校
950261,  GSI,  三方,  福井県 三方町 三方町立明倫小学校
950262,  GSI,  大飯,  福井県 大飯町 大飯町立大飯中学校
950263,  GSI,  小淵沢,  山梨県 小淵沢町 小淵沢町立小淵沢小学校
950264,  GSI,  牧丘,  山梨県 牧丘町 牧丘町立牧丘第二小学校
950265,  GSI,  山ノ内,  長野県 山ノ内町 山ノ内町立北小学校
950266,  GSI,  白馬,  長野県 白馬村 白馬村村営グラウンド
950267,  GSI,  長野,  長野県 長野市 長野市北堀公園
950268,  GSI,  東部,  長野県 東御市 田沢地区農業集落排水処理場
950269,  GSI,  軽井沢,  長野県 軽井沢町 軽井沢町矢ヶ崎公園
950270,  GSI,  豊科,  長野県 豊科町 県民豊科運動広場
950271,  GSI,  和田,  長野県 和田村 和田村在宅介護支援センター
950272,  GSI,  八千穂,  長野県 八千穂村 八千穂村総合グラウンド
950273,  GSI,  塩尻,  長野県 塩尻市 長野県畜産試験場
950274,  GSI,  上松,  長野県 上松町 上松町天狗山公園
950275,  GSI,  大鹿,  長野県 大鹿村 大鹿村中央構造線博物館
950276,  GSI,  飯田,  長野県 飯田市 飯田市立丸山小学校
950277,  GSI,  南信濃,  長野県 南信濃村 南信濃村海洋センター
950278,  GSI,  根羽,  長野県 根羽村 根羽村山村広場
950279,  GSI,  宮川,  岐阜県 飛騨市 宮川スポーツ公園
950280,  GSI,  荘川,  岐阜県 荘川村 荘川村立荘川小学校
950281,  GSI,  高根,  岐阜県 高根村 高根村緑地広場
950282,  GSI,  白鳥,  岐阜県 郡上市 白鳥町ふれあいと憩いの公園
950283,  GSI,  八幡,  岐阜県 郡上市 八幡町小野第2公園
950284,  GSI,  付知,  岐阜県 付知町 付知町学校給食センター
950285,  GSI,  藤橋,  岐阜県 藤橋村 藤橋村森林生態学習舎
950286,  GSI,  根尾,  岐阜県 本巣市 根尾村淡墨公園
950287,  GSI,  加茂白川,  岐阜県 白川町 白川町立白川北小学校
950288,  GSI,  本巣,  岐阜県 本巣市 本巣市総合運動場
950289,  GSI,  八百津,  岐阜県 八百津町 八百津町立八百津中学校
950291,  GSI,  垂井,  岐阜県 垂井町 垂井町立東幼稚園
950292,  GSI,  多治見,  岐阜県 多治見市 多治見市旭ヶ丘公園
950293,  GSI,  串原,  岐阜県 串原村 串原村サンホールくしはら
950294,  GSI,  南濃,  岐阜県 南濃町 南濃町立城山小学校
950295,  GSI,  春野,  静岡県 春野町 春野町立北小学校
950296,  GSI,  静岡清水市２,  静岡県 静岡市 東海大学海洋学部
950297,  GSI,  天城湯ヶ島２,  静岡県 伊豆市 町道桐山学校線
950298,  GSI,  愛知大口,  愛知県 大口町 大口町二ツ屋公園
950299,  GSI,  甚目寺,  愛知県 甚目寺町 甚目寺町立南中学校
950300,  GSI,  愛知豊田,  愛知県 豊田市 豊田市立中金小学校
950301,  GSI,  下山,  愛知県 下山村 下山村立下山中学校
950302,  GSI,  知立,  愛知県 知立市 知立市立八ッ田小学校
950303,  GSI,  額田,  愛知県 額田町 額田町立額田中学校
950304,  GSI,  常滑１,  愛知県 常滑市 常滑市小脇公園
950305,  GSI,  幡豆,  愛知県 幡豆町 幡豆町立幡豆小学校
950306,  GSI,  田原,  愛知県 田原市 田原市立神戸小学校
950307,  GSI,  渥美,  愛知県 渥美町 渥美町立亀山小学校
950309,  GSI,  楠,  三重県 楠町 楠中央緑地公園
950310,  GSI,  上野,  三重県 上野市 上野市立友生小学校
950311,  GSI,  松阪,  三重県 松阪市 松阪市立徳和小学校
950312,  GSI,  飯高,  三重県 飯高町 飯高町立飯高東中学校
950313,  GSI,  南島,  三重県 南島町 南島町立東宮保育所
950314,  GSI,  志摩,  三重県 志摩町 志摩町総合スポーツ公園
950315,  GSI,  三重熊野,  三重県 熊野市 熊野市立有馬小学校
950316,  GSI,  鵜殿,  三重県 鵜殿村 鵜殿村立うどの幼稚園
950317,  GSI,  余呉,  滋賀県 余呉町 余呉町立片岡小学校
950318,  GSI,  マキノ,  滋賀県 マキノ町 ﾏｷﾉ林間ｽﾎﾟｰｽｾﾝﾀｰ多目的ｸﾞﾗﾝﾄﾞ
950319,  GSI,  朽木,  滋賀県 朽木村 朽木村立朽木東小学校
950320,  GSI,  安曇川,  滋賀県 安曇川町 安曇川町立本庄小学校
950321,  GSI,  彦根,  滋賀県 彦根市 大薮児童公園
950322,  GSI,  大津１,  滋賀県 大津市 修景保全対策事業記念公園
950323,  GSI,  水口,  滋賀県 水口町 水口町さつきが丘中央公園
950324,  GSI,  大津２,  滋賀県 大津市 大津市立南郷小学校
950325,  GSI,  土山,  滋賀県 土山町 土山町立土山中学校
950326,  GSI,  信楽,  滋賀県 信楽町 信楽町立信楽中学校
950327,  GSI,  丹後,  京都府 京丹後市 京丹後市立宇川小学校
950328,  GSI,  久美浜,  京都府 京丹後市 京丹後市立川上小学校
950329,  GSI,  福知山,  京都府 福知山市 福知山市立日新中学校
950330,  GSI,  京都左京１,  京都府 京都市 京都市立花背第二中学校
950331,  GSI,  瑞穂,  京都府 瑞穂町 瑞穂町総合運動公園ｸﾞﾘｰﾝﾗﾝﾄﾞみずほ
950332,  GSI,  亀岡,  京都府 亀岡市 亀岡市旭公園
950333,  GSI,  京都西京,  京都府 京都市 京都市立大枝中学校
950334,  GSI,  京都加茂,  京都府 加茂町 加茂町赤田川町民グラウンド
950335,  GSI,  交野,  大阪府 交野市 交野市立岩船小学校
950336,  GSI,  大阪,  大阪府 大阪市 銅座公園
950337,  GSI,  堺,  大阪府 堺市 堺市立八田荘小学校
950338,  GSI,  河南,  大阪府 河南町 河南町立中村小学校
950339,  GSI,  河内長野,  大阪府 河内長野市 河内長野市立美加の台中学校
950340,  GSI,  熊取,  大阪府 熊取町 熊取町立北小学校
950341,  GSI,  村岡,  兵庫県 村岡町 兵庫県立兎和野高原野外教育センター
950342,  GSI,  和田山,  兵庫県 和田山町 兵庫県立北部農業技術センター
950343,  GSI,  西紀,  兵庫県 篠山市 篠山市立西紀小学校
950344,  GSI,  兵庫一宮,  兵庫県 一宮町 一宮町立神戸小学校
950345,  GSI,  山南,  兵庫県 山南町 山南町立和田中学校
950346,  GSI,  南光,  兵庫県 南光町 南光町スポーツ公園　若あゆランド
950347,  GSI,  兵庫市川,  兵庫県 市川町 市川町立川辺小学校
950348,  GSI,  猪名川,  兵庫県 猪名川町 猪名川町立大島小学校
950349,  GSI,  三田,  兵庫県 三田市 三田市立長坂中学校
950350,  GSI,  新宮,  兵庫県 新宮町 新宮町立越部小学校
950351,  GSI,  神戸北,  兵庫県 神戸市 神戸市ふじわらやま公園
950352,  GSI,  三木,  兵庫県 三木市 三木市立三木幼稚園
950353,  GSI,  宝塚,  兵庫県 宝塚市 宝塚市立西山小学校
950354,  GSI,  加古川,  兵庫県 加古川市 加古川市立東神吉南小学校
950355,  GSI,  西宮,  兵庫県 西宮市 西宮市立小松小学校
950356,  GSI,  神戸中央,  兵庫県 神戸市 神戸市大倉山公園
950357,  GSI,  家島,  兵庫県 家島町 家島町Ｂ＆Ｇ海洋センター
950358,  GSI,  明石,  兵庫県 明石市 明石市立鳥羽小学校
950359,  GSI,  淡路,  兵庫県 淡路町 淡路町立岩屋中学校
950360,  GSI,  淡路一宮,  兵庫県 一宮町 一宮町立尾崎小学校
950361,  GSI,  洲本,  兵庫県 洲本市 兵庫県立洲本実業高等学校
950362,  GSI,  西淡,  兵庫県 西淡町 西淡町立御原中学校
950363,  GSI,  南淡,  兵庫県 南淡町 旧阿万中学校々庭
950364,  GSI,  室生,  奈良県 室生村 室生村立西谷小学校
950365,  GSI,  広陵,  奈良県 広陵町 広陵町立真美ヶ丘第一小学校
950366,  GSI,  五條,  奈良県 五條市 五條市立北宇智小学校
950367,  GSI,  下北山,  奈良県 下北山村 下北山村立下北山村中学校
950368,  GSI,  打田,  和歌山県 打田町 打田町若もの広場
950369,  GSI,  和歌山,  和歌山県 和歌山市 和歌山市立少年自然の家
950370,  GSI,  高野,  和歌山県 高野町 高野町立高野山中学校
950371,  GSI,  和歌山美山,  和歌山県 美山村 美山村立笠松小学校
950372,  GSI,  川辺,  和歌山県 川辺町 御坊市川辺町学校組合立大成中学校
950373,  GSI,  本宮,  和歌山県 本宮町 旧本宮町立請川中学校跡
950374,  GSI,  中辺路,  和歌山県 中辺路町 中辺路町立縁の郷古道ヶ丘
950375,  GSI,  田辺,  和歌山県 田辺市 田辺市立会津小学校
950376,  GSI,  那智勝浦,  和歌山県 那智勝浦町 那智勝浦町立下里中学校
950377,  GSI,  すさみ１,  和歌山県 すさみ町 すさみ町立江住中学校
950378,  GSI,  鹿野,  鳥取県 鹿野町 鹿野町運動公園
950379,  GSI,  溝口,  鳥取県 溝口町 溝口町立溝口中学校寄宿舎(青雲寮)
950380,  GSI,  智頭,  鳥取県 智頭町 智頭町立智頭中学校
950381,  GSI,  日南,  鳥取県 日南町 日南町農林業担い手研修施設イチイ荘
950382,  GSI,  五箇,  島根県 五箇村 五箇村立五箇中学校
950383,  GSI,  西ノ島,  島根県 西ノ島町 西ノ島町立浦郷小学校
950384,  GSI,  出雲,  島根県 出雲市 出雲市立高浜小学校
950385,  GSI,  仁多,  島根県 仁多町 三成公園
950386,  GSI,  大田,  島根県 大田市 大田市立第一中学校
950387,  GSI,  赤来,  島根県 赤来町 赤来町立赤来中学校
950388,  GSI,  三隅,  島根県 三隅町 三隅町立岡見小学校
950389,  GSI,  中和,  岡山県 中和村 村営国民宿舎津黒高原荘
950390,  GSI,  岡山大原,  岡山県 大原町 大原町民グラウンド
950391,  GSI,  作東,  岡山県 作東町 バレンタインパーク作東
950392,  GSI,  落合,  岡山県 落合町 落合町立木山小学校
950393,  GSI,  岡山中央,  岡山県 中央町 中央町立加美小学校
950394,  GSI,  高梁,  岡山県 高梁市 神原スポーツ公園多目的グランド
950395,  GSI,  岡山御津,  岡山県 御津町 御津町立御津中学校
950396,  GSI,  邑久,  岡山県 邑久町 岡山ブルーライン（有料）P.A.「一本松展望園」
950397,  GSI,  倉敷１,  岡山県 倉敷市 倉敷市立下津井西小学校
950398,  GSI,  西城,  広島県 西城町 西城町立西城中学校
950399,  GSI,  芸北,  広島県 芸北町 芸北町役場
950400,  GSI,  千代田,  広島県 千代田町 千代田町立千代田中学校
950401,  GSI,  上下,  広島県 府中市 上下町山村集落振興施設　矢野文化会館
950402,  GSI,  豊栄,  広島県 豊栄町 豊栄町立豊栄中学校
950403,  GSI,  広島１,  広島県 広島市 可部運動公園
950404,  GSI,  戸河内,  広島県 戸河内町 道の駅来夢とごうち（駐車場）
950405,  GSI,  三原,  広島県 三原市 三原市運動公園
950406,  GSI,  広島２,  広島県 広島市 広島工業大学
950407,  GSI,  萩１,  山口県 萩市 萩女子短期大学
950408,  GSI,  豊北,  山口県 豊北町 豊北町総合運動公園
950409,  GSI,  阿東,  山口県 阿東町 阿東町立篠目小学校
950410,  GSI,  錦,  山口県 錦町 錦町立錦中学校
950411,  GSI,  美東,  山口県 美東町 美東町立綾木小学校
950412,  GSI,  防府,  山口県 防府市 防府市立玉祖小学校
950413,  GSI,  宇部,  山口県 宇部市 宇部市立川上中学校
950414,  GSI,  柳井,  山口県 柳井市 柳井市立柳井中学校
950415,  GSI,  徳島吉野,  徳島県 吉野町 吉野町立柿原小学校
950416,  GSI,  徳島,  徳島県 徳島市 徳島市立富田中学校
950417,  GSI,  美馬,  徳島県 美馬町 美馬町立美馬中学校
950418,  GSI,  山川,  徳島県 山川町 山川町総合スポーツ運動場
950419,  GSI,  山城,  徳島県 山城町 山城町塩塚高原ふれあい広場
950420,  GSI,  上勝,  徳島県 上勝町 上勝町旭農村公園
950421,  GSI,  一宇,  徳島県 一宇村 剣山スキー場
950422,  GSI,  阿南２,  徳島県 阿南市 阿南市立椿保育所
950423,  GSI,  日和佐,  徳島県 日和佐町 国土交通省 徳島工事事務所 日和佐国道出張所
950424,  GSI,  徳島海南,  徳島県 海南町 南阿波ピクニック公園
950425,  GSI,  内海,  香川県 内海町 内海総合運動公園
950426,  GSI,  香川大川,  香川県 さぬき市 大川町みろく自然公園
950427,  GSI,  三野,  香川県 三野町 三野町立大見小学校
950428,  GSI,  豊浜,  香川県 豊浜町 豊浜町南部多目的集会場
950429,  GSI,  琴南,  香川県 琴南町 琴南町交通公園
950430,  GSI,  今治,  愛媛県 今治市 大新田公園
950431,  GSI,  伊予三島,  愛媛県 四国中央市 四国中央市翠波高原
950432,  GSI,  西条,  愛媛県 西条市 西条市立玉津小学校
950433,  GSI,  愛媛川内,  愛媛県 川内町 南方東公園
950434,  GSI,  伊予,  愛媛県 伊予市 伊予市立みあき保育園
950435,  GSI,  美川,  愛媛県 美川村 大川嶺（牧場）
950436,  GSI,  肱川,  愛媛県 肱川町 風の博物館
950437,  GSI,  御荘,  愛媛県 御荘町 御荘町立平城小学校
950438,  GSI,  大豊,  高知県 大豊町 アルティ300れいほく21世紀センター
950439,  GSI,  香北,  高知県 香北町 香北町青少年センター
950440,  GSI,  馬路,  高知県 馬路村 ヤナセオートキャンプ場
950441,  GSI,  東洋,  高知県 東洋町 東洋町役場
950442,  GSI,  安芸,  高知県 安芸市 安芸市立安芸中学校
950443,  GSI,  佐川,  高知県 佐川町 高知県畜産試験場
950444,  GSI,  高知田野,  高知県 田野町 田野町ふれあい広場
950445,  GSI,  須崎,  高知県 須崎市 横浪こどもの森駐車場
950446,  GSI,  檮原,  高知県 檮原町 特別養護老人ホーム「ふじの家」
950447,  GSI,  西土佐,  高知県 西土佐村 西土佐村立西土佐中学校
950448,  GSI,  大方,  高知県 大方町 大方町立南部保育所
950449,  GSI,  高知大月,  高知県 大月町 大月町立弘見中学校
950450,  GSI,  前原,  福岡県 前原市 前原市立怡土小学校
950451,  GSI,  筑紫野,  福岡県 筑紫野市 筑紫野市二日市公園
950452,  GSI,  小石原,  福岡県 小石原村 小石原村立小石原小学校
950453,  GSI,  八女,  福岡県 八女市 八女市立南中学校
950454,  GSI,  佐賀,  佐賀県 佐賀市 佐賀市立鍋島小学校
950455,  GSI,  佐賀鹿島,  佐賀県 鹿島市 鹿島市立西部中学校
950456,  GSI,  上対馬,  長崎県 対馬市 国民宿舎上対馬荘
950457,  GSI,  美津島,  長崎県 対馬市 対馬市立鶏知中学校
950458,  GSI,  石田,  長崎県 壱岐市 ふれあいの森広場
950459,  GSI,  平戸,  長崎県 平戸市 ライフカントリー平戸市総合運動公園
950460,  GSI,  西海,  長崎県 西海町 西海町民運動場
950461,  GSI,  長崎国見,  長崎県 国見町 国見町立神代小学校
950462,  GSI,  福江,  長崎県 福江市 福江市建設課維持係資材置場
950463,  GSI,  加津佐,  長崎県 加津佐町 加津佐町立野田小学校
950464,  GSI,  玉名,  熊本県 玉名市 玉名市立玉名中学校
950465,  GSI,  熊本,  熊本県 熊本市 学校法人九州測量専門学校
950466,  GSI,  清和,  熊本県 清和村 清和村清和高原天文台
950467,  GSI,  天草,  熊本県 天草町 天草町大江農村広場
950468,  GSI,  芦北,  熊本県 芦北町 芦北町立佐敷中学校
950469,  GSI,  熊本相良,  熊本県 相良村 相良村村有地
950470,  GSI,  大分国見,  大分県 国見町 国見町立竹田津小学校
950471,  GSI,  本耶馬渓,  大分県 本耶馬渓町 禅海ふれあい広場
950472,  GSI,  湯布院,  大分県 湯布院町 湯布院町屋外総合運動場
950473,  GSI,  佐賀関,  大分県 佐賀関町 佐賀関町立神崎小学校
950474,  GSI,  久住,  大分県 久住町 久住町立久住中学校
950475,  GSI,  大分三重,  大分県 三重町 三重町総合競技場
950476,  GSI,  北川,  宮崎県 北川町 北川町鏡山牧場
950477,  GSI,  日之影,  宮崎県 日之影町 日之影町立高巣野小学校
950478,  GSI,  椎葉,  宮崎県 椎葉村 椎葉村総合運動公園
950479,  GSI,  西米良,  宮崎県 西米良村 天包高原広場
950480,  GSI,  川南,  宮崎県 川南町 川南町立国光原中学校
950481,  GSI,  野尻,  宮崎県 野尻町 野尻町農村環境改善センター
950482,  GSI,  都城,  宮崎県 都城市 都城市横市市民広場
950483,  GSI,  北郷,  宮崎県 北郷町 北郷町農村公園
950484,  GSI,  串間１,  宮崎県 串間市 串間市勿体森運動公園
950485,  GSI,  鹿児島大口,  鹿児島県 大口市 大口市いきがい交流センター
950486,  GSI,  牧園,  鹿児島県 牧園町 牧園町役場
950487,  GSI,  鹿児島鹿島,  鹿児島県 鹿島村 鹿島村藺牟田村有地
950488,  GSI,  串木野,  鹿児島県 串木野市 串木野市立串木野小学校
950489,  GSI,  鹿児島福山,  鹿児島県 福山町 福地地区体育館
950490,  GSI,  指宿,  鹿児島県 指宿市 指宿西公園
950491,  GSI,  佐多,  鹿児島県 佐多町 佐多町さたでいランド
950492,  GSI,  中種子,  鹿児島県 中種子町 中種子中央運動公園
950493,  GSI,  上屋久１,  鹿児島県 上屋久町 上屋久町肉用牛繁殖育成センター
950494,  GSI,  名瀬,  鹿児島県 名瀬市 あかざき公園
950495,  GSI,  与論,  鹿児島県 与論町 与論町立与論中学校
950496,  GSI,  本部,  沖縄県 本部町 本部町立上本部中学校
950497,  GSI,  南大東,  沖縄県 南大東村 ひかり公園
950498,  GSI,  城辺,  沖縄県 城辺町 いこいの森公園
950499,  GSI,  与那国,  沖縄県 与那国町 与那国町立久部良中学校
950500,  GSI,  西表島,  沖縄県 竹富町 竹富町立うえはら幼稚園
960501,  GSI,  利尻,  北海道 利尻町 久連自治会館
960502,  GSI,  雄武,  北海道 雄武町 雄武町テニスコート
960503,  GSI,  湧別,  北海道 湧別町 湧別町総合体育館
960504,  GSI,  滝上,  北海道 滝上町 滝上町役場
960505,  GSI,  網走,  北海道 網走市 網走市立南小学校
960506,  GSI,  愛別,  北海道 愛別町 愛別町立愛別小学校
960507,  GSI,  美幌,  北海道 美幌町 ひがしまち公園
960508,  GSI,  旭川,  北海道 旭川市 旭川市立東光小学校
960509,  GSI,  北竜,  北海道 北竜町 北竜町Ｂ＆Ｇ財団海洋センター
960510,  GSI,  上川,  北海道 上川町 層雲峡青少年旅行村
960511,  GSI,  置戸,  北海道 置戸町 置戸町排雪センター
960512,  GSI,  根室３,  北海道 根室市 根室市立厚床中学校
960513,  GSI,  阿寒２,  北海道 阿寒町 阿寒町立阿寒湖中学校
960514,  GSI,  富良野,  北海道 富良野市 富良野市立扇山小学校
960515,  GSI,  標茶,  北海道 標茶町 駒ヶ丘総合公園
960516,  GSI,  三笠,  北海道 三笠市 三笠運動公園
960517,  GSI,  小樽２,  北海道 小樽市 忍路漁港
960518,  GSI,  新得,  北海道 新得町 新得町総合体育館
960519,  GSI,  根室４,  北海道 根室市 根室市立落石小学校
960520,  GSI,  江別,  北海道 江別市 江別市立野幌中学校
960521,  GSI,  帯広,  北海道 帯広市 あずさ公園
960522,  GSI,  恵庭,  北海道 恵庭市 恵庭市立恵庭小学校
960523,  GSI,  千歳,  北海道 千歳市 千歳市立支笏湖小学校
960524,  GSI,  壮瞥,  北海道 壮瞥町 壮瞥町農産物直売所
960525,  GSI,  虻田,  北海道 虻田町 虻田町立虻田小学校
960526,  GSI,  伊達,  北海道 伊達市 伊達市市民プール
960527,  GSI,  奥尻２,  北海道 奥尻町 奥尻町総合研修センター
960528,  GSI,  砂原,  北海道 砂原町 砂原町ふるさと交流館
960529,  GSI,  七飯,  北海道 七飯町 七飯町立軍川小学校
960530,  GSI,  上ノ国,  北海道 上ノ国町 洲根子峠灯台
960531,  GSI,  釧路町,  北海道 釧路町 釧路町立仙鳳趾小学校
960532,  GSI,  えりも２,  北海道 えりも町 猿留川
960533,  GSI,  東通,  青森県 東通村 東通村立尻屋小学校
960534,  GSI,  今別,  青森県 今別町 今別町立今別中学校
960535,  GSI,  脇野沢,  青森県 脇野沢村 脇野沢村立脇野沢小学校
960536,  GSI,  平内,  青森県 平内町 平内町立土屋小学校
960537,  GSI,  野辺地,  青森県 野辺地町 野辺地町立野辺地小学校
960538,  GSI,  浪岡,  青森県 浪岡町 浪岡町立浪岡中学校
960539,  GSI,  三沢,  青森県 三沢市 三沢市木崎野公園
960540,  GSI,  弘前,  青森県 弘前市 弘前市立北小学校
960541,  GSI,  黒石,  青森県 黒石市 黒石市立大川原小学校沖揚平分校
960542,  GSI,  金木,  青森県 金木町 金木町芦野グラウンド
960543,  GSI,  岩手松尾,  岩手県 松尾村 松尾村役場
960544,  GSI,  湯田,  岩手県 湯田町 湯田町立湯本小学校
960545,  GSI,  岩手川崎,  岩手県 川崎村 川崎村老人ホーム「寿松苑」
960546,  GSI,  住田,  岩手県 住田町 住田町運動公園
960547,  GSI,  川井,  岩手県 川井村 特別養護老人ホーム「心生苑」多目的広場
960548,  GSI,  色麻,  宮城県 色麻町 色麻町青少年体力増強施設（ﾃﾆｽｺｰﾄ）
960549,  GSI,  矢本,  宮城県 矢本町 矢本町立矢本東小学校
960550,  GSI,  牡鹿,  宮城県 牡鹿町 牡鹿町清崎総合運動公園
960551,  GSI,  男鹿２,  秋田県 男鹿市 男鹿市立船川第一小学校
960552,  GSI,  天王,  秋田県 天王町 天王町立天王南中学校
960553,  GSI,  田沢湖,  秋田県 田沢湖町 田沢湖町立生保内中学校
960554,  GSI,  湯沢,  秋田県 湯沢市 湯沢市立岩崎小学校
960555,  GSI,  遊佐,  山形県 遊佐町 遊佐町立遊佐中学校
960556,  GSI,  村山,  山形県 村山市 村山市立西郷小学校
960557,  GSI,  上山,  山形県 上山市 上山市立南小学校
960558,  GSI,  相馬２,  福島県 相馬市 相馬市立中村第二中学校
960559,  GSI,  猪苗代２,  福島県 猪苗代町 猪苗代町中ノ沢運動場
960560,  GSI,  二本松,  福島県 二本松市 あだたら高原野営場
960561,  GSI,  福島郡山２,  福島県 郡山市 郡山市少年湖畔の村
960562,  GSI,  福島川内,  福島県 川内村 川内第5区生活改善センター
960563,  GSI,  舘岩,  福島県 舘岩村 舘岩村青少年センター（上郷児童館跡）
960564,  GSI,  黒川,  新潟県 黒川村 黒川村立黒川中学校
960565,  GSI,  金井,  新潟県 佐渡市 佐渡市立金井中学校
960566,  GSI,  出雲崎,  新潟県 出雲崎町 出雲崎町立出雲崎中学校
960567,  GSI,  柏崎２,  新潟県 柏崎市 柏崎市立鯨波小学校
960568,  GSI,  守門,  新潟県 守門村 守門村立守門中学校
960569,  GSI,  新井,  新潟県 新井市 新井市立斐太北小学校
960570,  GSI,  糸魚川２,  新潟県 糸魚川市 糸魚川市立根知小学校
960571,  GSI,  小須戸,  新潟県 小須戸町 小須戸町立小須戸中学校
960572,  GSI,  滑川,  富山県 滑川市 滑川市立南部小学校
960573,  GSI,  砺波,  富山県 砺波市 砺波海洋ｾﾝﾀｰﾏﾘｰﾅ（駐車場）
960574,  GSI,  能都,  石川県 能都町 能都町立武道場（雄志館）
960575,  GSI,  富来,  石川県 富来町 富来町立増穂小学校
960576,  GSI,  能登島,  石川県 能登島町 能登島町立能登島中学校
960577,  GSI,  押水,  石川県 押水町 押水町立押水中学校
960578,  GSI,  鳥越,  石川県 鳥越村 鳥越村立鳥越小学校（駐車場）
960579,  GSI,  鯖江,  福井県 鯖江市 鯖江市立神明小学校
960580,  GSI,  河野,  福井県 河野村 河野村立河野中学校
960581,  GSI,  里美,  茨城県 里美村 里美村立村民運動公園
960582,  GSI,  下館,  茨城県 下館市 下館市立養蚕小学校
960583,  GSI,  石下,  茨城県 石下町 石下町立飯沼小学校
960584,  GSI,  阿見,  茨城県 阿見町 阿見町立阿見第二小学校
960585,  GSI,  那須,  栃木県 那須町 那須町伊王野山村ひろば
960586,  GSI,  塩原,  栃木県 塩原町 塩原町立塩原中学校
960587,  GSI,  塩谷,  栃木県 塩谷町 塩谷町立玉生小学校
960588,  GSI,  烏山,  栃木県 烏山町 烏山町立七合小学校
960589,  GSI,  足尾,  栃木県 足尾町 足尾町横根山園地
960590,  GSI,  茂木,  栃木県 茂木町 茂木町立並松運動公園
960591,  GSI,  草津,  群馬県 草津町 草津町立草津小学校
960592,  GSI,  藤岡,  群馬県 藤岡市 ふじの咲く丘
960593,  GSI,  万場,  群馬県 神流町 神流町営みかぼ高原荘
960594,  GSI,  大島３,  東京都 大島町 大島公園
960595,  GSI,  大島４,  東京都 大島町 大島町椿公園
960596,  GSI,  利島,  東京都 利島村 利島村清掃センター
960597,  GSI,  式根島,  東京都 新島村 式根島スポーツ広場
960598,  GSI,  神津島２,  東京都 神津島村 名組湾赤崎トンネル入口
960599,  GSI,  三宅３,  東京都 三宅村 三七山スポーツ公園
960600,  GSI,  三宅４,  東京都 三宅村 三宅村立阿古小学校
960601,  GSI,  御蔵島,  東京都 御蔵島村 村道島分線終点駐車場
960602,  GSI,  青ヶ島,  東京都 青ヶ島村 向沢取水場
960603,  GSI,  母島,  東京都 小笠原村 評議平運動場
960604,  GSI,  硫黄島１,  東京都 小笠原村 海上自衛隊硫黄島航空基地
960605,  GSI,  硫黄島２,  東京都 小笠原村 国有林37こ林小班
960606,  GSI,  山梨一宮,  山梨県 一宮町 いちのみや桃の里ｽﾎﾟｰﾂ公園
960607,  GSI,  道志,  山梨県 道志村 道志村林間広場
960608,  GSI,  松本,  長野県 松本市 松本市立清水中学校
960609,  GSI,  梓川,  長野県 梓川村 梓川村立梓川小学校
960610,  GSI,  佐久,  長野県 佐久市 佐久市立平根小学校
960611,  GSI,  奈川,  長野県 奈川村 奈川村農村公園
960612,  GSI,  茅野,  長野県 茅野市 茅野市立北部中学校
960613,  GSI,  川上,  長野県 川上村 川上村文化センター
960614,  GSI,  三岳,  長野県 三岳村 三岳村北部分館前共有地
960615,  GSI,  駒ヶ根,  長野県 駒ヶ根市 駒ヶ根市立中沢小学校
960616,  GSI,  浪合,  長野県 浪合村 浪合村村有地（通称：馬の背）
960617,  GSI,  大野白川,  岐阜県 白川村 白川村防災グランド
960618,  GSI,  上宝,  岐阜県 上宝村 上宝村立本郷中学校
960619,  GSI,  萩原,  岐阜県 下呂市 下呂市立北中学校
960620,  GSI,  賀茂,  静岡県 賀茂村 村営宇久須キャンプ場
960621,  GSI,  裾野２,  静岡県 裾野市 裾野市立深良中学校
960622,  GSI,  小笠,  静岡県 小笠町 小笠町立小笠南幼稚園
960623,  GSI,  静岡相良２,  静岡県 相良町 静岡県地震予知地殻変動連続観測施設
960624,  GSI,  大東２,  静岡県 大東町 大東町立大浜中学校
960625,  GSI,  浜岡２,  静岡県 御前崎市 御前崎市立浜岡東小学校
960626,  GSI,  沼津,  静岡県 沼津市 沼津市立静浦東小学校
960627,  GSI,  つくば３,  茨城県 つくば市 国土交通省国土地理院
960628,  GSI,  下田,  静岡県 下田市 下田市立稲生沢中学校
960629,  GSI,  瀬戸,  愛知県 瀬戸市 瀬戸市立西陵小学校
960630,  GSI,  名古屋,  愛知県 名古屋市 名古屋地方気象台
960631,  GSI,  知多,  愛知県 知多市 知多市立新知小学校
960632,  GSI,  常滑２,  愛知県 常滑市 常滑市立鬼崎南小学校
960633,  GSI,  桑名,  三重県 桑名市 江場ポンプ場
960634,  GSI,  関,  三重県 関町 関町立関小学校
960635,  GSI,  白山,  三重県 白山町 八ッ山小学校跡地
960636,  GSI,  度会,  三重県 度会町 宮リバー度会パーク
960637,  GSI,  紀伊長島,  三重県 紀伊長島町 紀伊長島町立東小学校
960638,  GSI,  虎姫,  滋賀県 虎姫町 虎姫町立虎姫小学校
960639,  GSI,  野洲,  滋賀県 野洲町 野洲町立祇王小学校
960640,  GSI,  網野,  京都府 京丹後市 京丹後市立網野中学校
960641,  GSI,  舞鶴,  京都府 舞鶴市 舞鶴市泉源寺公園
960642,  GSI,  京都美山,  京都府 美山町 美山町立美山中学校
960643,  GSI,  京都左京２,  京都府 京都市 京都市立宝ヶ池公園
960644,  GSI,  京都伏見,  京都府 京都市 国立京都教育大学
960645,  GSI,  香住,  兵庫県 香住町 香住町立奥佐津小学校
960646,  GSI,  兵庫日高,  兵庫県 日高町 植村直巳記念ｽﾎﾟｰﾂ公園
960647,  GSI,  青垣,  兵庫県 青垣町 グリーンベル青垣（総合運動公園）
960648,  GSI,  生野,  兵庫県 生野町 生野町林業者等健康増進施設（運動公園）
960649,  GSI,  滝野,  兵庫県 滝野町 滝野町中央公民館
960650,  GSI,  かつらぎ,  和歌山県 かつらぎ町 和歌山県立紀北農芸高等学校
960651,  GSI,  和歌山清水,  和歌山県 清水町 清水町役場
960652,  GSI,  広川,  和歌山県 広川町 広川町営Ｂ＆Ｇ海洋センター
960653,  GSI,  すさみ２,  和歌山県 すさみ町 すさみ町立周参見保育所
960654,  GSI,  米子,  鳥取県 米子市 気象庁米子測候所
960655,  GSI,  八東,  鳥取県 八東町 八東町立八東小学校
960656,  GSI,  美保関,  島根県 美保関町 美保関町立千酌小学校
960657,  GSI,  石見,  島根県 石見町 石見町立石見中学校
960658,  GSI,  匹見,  島根県 匹見町 匹見町立匹見小学校
960659,  GSI,  柿木,  島根県 柿木村 柿木村立柿木小学校
960660,  GSI,  岡山新庄,  岡山県 新庄村 新庄村総合運動公園
960662,  GSI,  神郷,  岡山県 神郷町 神郷町立神代保育園
960663,  GSI,  三次,  広島県 三次市 三次市浄水場
960664,  GSI,  豊松,  広島県 豊松村 陽光の里健康広場
960665,  GSI,  広島佐伯,  広島県 廿日市市 市立総合スポーツ公園
960666,  GSI,  江田島,  広島県 江田島町 江田島町立石風呂児童公園
960667,  GSI,  木江,  広島県 大崎上島町 大崎上島町立木江幼稚園
960668,  GSI,  萩２,  山口県 萩市 萩市立見島小学校
960669,  GSI,  長門,  山口県 長門市 長門市小河内公園
960670,  GSI,  山口豊田,  山口県 豊田町 豊田町立豊田下小学校
960671,  GSI,  徳山,  山口県 周南市 周南緑地公園
960672,  GSI,  東和,  山口県 東和町 東和町立図書館
960673,  GSI,  鳴門,  徳島県 鳴門市 鳴門市立鳴門第一中学校
960674,  GSI,  三好,  徳島県 三好町 三好町立給食センタ−
960675,  GSI,  上那賀,  徳島県 上那賀町 那賀高等学校 平谷分校
960676,  GSI,  直島,  香川県 直島町 直島町琴反地公園
960677,  GSI,  丸亀,  香川県 丸亀市 丸亀市本島公民館
960678,  GSI,  弓削,  愛媛県 弓削町 弓削町立佐島小学校
960679,  GSI,  北条,  愛媛県 北条市 北条市文化の森公園
960680,  GSI,  長浜,  愛媛県 長浜町 肱川あらし展望公園
960681,  GSI,  宇和島,  愛媛県 宇和島市 宇和島市環境センター
960683,  GSI,  中土佐２,  高知県 中土佐町 中土佐ふれあい広場
960684,  GSI,  窪川,  高知県 窪川町 窪川町立窪川中学校
960685,  GSI,  直方,  福岡県 直方市 直方市頓野公園
960686,  GSI,  行橋,  福岡県 行橋市 行橋市立仲津中学校
960687,  GSI,  田川,  福岡県 田川市 田川市成導寺公園
960688,  GSI,  田主丸,  福岡県 田主丸町 田主丸町立水縄小学校
960689,  GSI,  山内,  佐賀県 山内町 山内町中央公園
960690,  GSI,  吉井,  長崎県 吉井町 町民ゲートボール場
960691,  GSI,  宇久,  長崎県 宇久町 宇久町総合センター
960692,  GSI,  若松,  長崎県 若松町 若松中学校バス待合所付近町有地
960693,  GSI,  愛野,  長崎県 愛野町 愛野町町有地
960694,  GSI,  島原,  長崎県 島原市 島原市営杉谷運動広場
960695,  GSI,  小浜,  長崎県 小浜町 丸尾斎苑
960696,  GSI,  深江,  長崎県 深江町 深江町柔剣道場
960697,  GSI,  西有家,  長崎県 西有家町 飛町児童公園
960698,  GSI,  玉之浦,  長崎県 玉之浦町 玉之浦町役場
960699,  GSI,  熊本小国,  熊本県 小国町 ゆうステーション前広場
960700,  GSI,  鹿本,  熊本県 鹿本町 鹿本町一本松農村公園
960701,  GSI,  長陽,  熊本県 長陽村 長陽村営運動公園
960702,  GSI,  泉,  熊本県 泉村 泉村平集会場
960703,  GSI,  阿蘇,  熊本県 阿蘇町 阿蘇町立役犬原小学校
960704,  GSI,  高森,  熊本県 高森町 高森町立色見保育園
960705,  GSI,  宇佐,  大分県 宇佐市 宇佐市総合運動場
960706,  GSI,  日出,  大分県 日出町 大神漁港
960707,  GSI,  玖珠,  大分県 玖珠町 玖珠町立小田小学校
960708,  GSI,  直入,  大分県 直入町 直入町森林組合林業センター入口（町有地）
960709,  GSI,  大分,  大分県 大分市 虹ヶ丘西児童公園
960710,  GSI,  前津江,  大分県 前津江村 前津江村林間広場管理棟
960711,  GSI,  北方,  宮崎県 北方町 北方町総合運動公園
960712,  GSI,  宮崎南郷,  宮崎県 南郷村 南郷村立南郷中学校
960713,  GSI,  新富,  宮崎県 新富町 新富町町営住宅
960714,  GSI,  えびの,  宮崎県 えびの市 えびの市立飯野小学校
960715,  GSI,  宮崎田野,  宮崎県 田野町 田野町B&G田野海洋センター
960716,  GSI,  串間２,  宮崎県 串間市 串間市立都井小学校
960717,  GSI,  東,  鹿児島県 東町 特別養護老人ホーム「桃源郷」
960718,  GSI,  宮之城,  鹿児島県 宮之城町 宮之城町ちくりん公園
960719,  GSI,  桜島,  鹿児島県 桜島町 桜島町松浦運動広場
960720,  GSI,  鹿児島２,  鹿児島県 鹿児島市 鹿児島市黒神校区公民館
960721,  GSI,  鹿児島３,  鹿児島県 鹿児島市 鹿児島市水道局東桜島事務所
960722,  GSI,  垂水,  鹿児島県 垂水市 垂水市下福町団地公園
960723,  GSI,  鹿児島三島,  鹿児島県 三島村 硫黄島城ヶ原牧場
960724,  GSI,  西之表,  鹿児島県 西之表市 西之表市西京浄水場
960725,  GSI,  口永良部島,  鹿児島県 上屋久町 口永良部島前田待避所
960726,  GSI,  南種子,  鹿児島県 南種子町 南種子町宇宙ヶ丘公園
960727,  GSI,  上屋久２,  鹿児島県 上屋久町 上屋久町立永田中学校
960728,  GSI,  屋久,  鹿児島県 屋久町 尾之間むらづくり墓地公園
960729,  GSI,  十島,  鹿児島県 十島村 諏訪之瀬島榊戸原牧場
960730,  GSI,  笠利,  鹿児島県 笠利町 笠利町立笠利小学校
960731,  GSI,  喜界１,  鹿児島県 喜界町 喜界町有機物供給センター
960732,  GSI,  喜界２,  鹿児島県 喜界町 喜界町荒木グラウンド
960733,  GSI,  瀬戸内,  鹿児島県 瀬戸内町 瀬戸内町立図書館・郷土館
960734,  GSI,  鹿児島天城,  鹿児島県 天城町 天城町立中央公民館
960735,  GSI,  和泊,  鹿児島県 和泊町 和泊町立和泊小学校
960736,  GSI,  伊是名,  沖縄県 伊是名村 内花配水池内村有地
960737,  GSI,  国頭,  沖縄県 国頭村 国頭村立北国小・中学校
960738,  GSI,  大宜味,  沖縄県 大宜味村 農村環境改善センター
960739,  GSI,  粟国,  沖縄県 粟国村 粟国村立粟国小・中学校
960740,  GSI,  宜野座,  沖縄県 宜野座村 農村公園
960741,  GSI,  沖縄石川,  沖縄県 石川市 石川市民の森公園
960742,  GSI,  渡名喜,  沖縄県 渡名喜村 渡名喜村立渡名喜幼稚園
960743,  GSI,  具志川,  沖縄県 久米島町 久米島町立清水小学校
960744,  GSI,  渡嘉敷,  沖縄県 渡嘉敷村 森林公園
960745,  GSI,  知念,  沖縄県 知念村 知念村社会福祉センター
960746,  GSI,  北大東,  沖縄県 北大東村 黒部地区貯水池
960747,  GSI,  伊良部,  沖縄県 伊良部町 伊良部町立伊良部中学校
960748,  GSI,  多良間,  沖縄県 多良間村 宮古市の森公園
960749,  GSI,  石垣１,  沖縄県 石垣市 石垣市立あかし幼稚園
960750,  GSI,  石垣２,  沖縄県 石垣市 石垣市立平真小学校
960751,  GSI,  波照間島,  沖縄県 竹富町 波照間地区完工記念碑
960752,  GSI,  赤城,  群馬県 赤城村 赤城村総合運動自然公園
960753,  GSI,  都幾川,  埼玉県 都幾川村 都幾川村立都幾川中学校
960754,  GSI,  名栗,  埼玉県 名栗村 名栗村山村広場
960755,  GSI,  入間,  埼玉県 入間市 入間市博物館
960756,  GSI,  大多喜,  千葉県 大多喜町 大多喜町立大多喜中学校
960758,  GSI,  八王子,  東京都 八王子市 八王子市立上柚木小学校
960759,  GSI,  三浦２,  神奈川県 三浦市 東京大学臨海実験所
960760,  GSI,  宇治,  京都府 宇治市 宇治市立神明小学校
960761,  GSI,  八尾,  大阪府 八尾市 八尾市立南山本小学校
960762,  GSI,  姫路,  兵庫県 姫路市 姫路市立御立交通公園
960763,  GSI,  生駒,  奈良県 生駒市 生駒市立桜ヶ丘小学校
960764,  GSI,  天理,  奈良県 天理市 天理市立長柄運動公園
960765,  GSI,  和気,  岡山県 和気町 和気町立藤野小学校
960766,  GSI,  倉敷２,  岡山県 倉敷市 倉敷市立大高小学校
960767,  GSI,  広島福山,  広島県 福山市 広島県立福山少年自然の家
960768,  GSI,  安芸津,  広島県 安芸津町 広島県立農業技術ｾﾝﾀｰ果樹研究所
960769,  GSI,  和木,  山口県 和木町 和木町蜂ヶ峯総合公園
960770,  GSI,  北波多,  佐賀県 北波多村 岸山工業団地入口
960771,  GSI,  中原,  佐賀県 中原町 中原町総合センター（保健センター）
960772,  GSI,  大村,  長崎県 大村市 琴平岳展望所
960773,  GSI,  大矢野,  熊本県 上天草市 上天草市立大矢野中学校
960774,  GSI,  苓北,  熊本県 苓北町 苓北町坂瀬川地区総合ｸﾞﾗｳﾝﾄﾞ
960775,  GSI,  栖本,  熊本県 栖本町 栖本町町有地（倉ヶ嶽）
960776,  GSI,  鹿児島郡山,  鹿児島県 郡山町 郡山町早馬球技場
960777,  GSI,  笠沙,  鹿児島県 笠沙町 笠沙町野間池運動場
970778,  GSI,  稚内２,  北海道 稚内市 稚内市立夕来小中学校跡地
970779,  GSI,  浜頓別,  北海道 浜頓別町 浜頓別運動公園
970780,  GSI,  枝幸２,  北海道 枝幸町 乙忠部小学校教員住宅
970781,  GSI,  遠別,  北海道 遠別町 公民館（歌越倶楽部）
970782,  GSI,  幌加内２,  北海道 幌加内町 町立母子里小中学校住宅跡地
970783,  GSI,  小平,  北海道 小平町 小平町おにしか更正園
970784,  GSI,  北海道清里,  北海道 清里町 町有地
970785,  GSI,  浜益,  北海道 浜益村 浜益村総合スポーツセンター
970786,  GSI,  新得２,  北海道 新得町 新得町立富村牛小中学校
970787,  GSI,  上富良野,  北海道 上富良野町 吹上温泉園地
970788,  GSI,  白糠,  北海道 白糠町 白糠町野外趣味活動施設
970789,  GSI,  北海道清水,  北海道 清水町 町営テニスコート
970790,  GSI,  夕張,  北海道 夕張市 楓パーキングエリア
970791,  GSI,  豊頃,  北海道 豊頃町 茂岩山自然公園林間広場
970792,  GSI,  登別,  北海道 登別市 川上公園
970793,  GSI,  大樹２,  北海道 大樹町 大樹町営光地園牧場
970794,  GSI,  厚沢部,  北海道 厚沢部町 厚沢部町教員住宅
970795,  GSI,  玉山２,  岩手県 玉山村 玉山村立藪川中学校
970796,  GSI,  胆沢,  岩手県 胆沢町 胆沢町立愛宕小学校
970797,  GSI,  白石,  宮城県 白石市 白石市立大鷹小学校
970798,  GSI,  鹿角２,  秋田県 鹿角市 水沢集落会館
970799,  GSI,  西川,  山形県 西川町 旧町立西部中学校
970800,  GSI,  いわき２,  福島県 いわき市 いわき市立湯本第二小学校
970801,  GSI,  檜枝岐,  福島県 檜枝岐村 檜枝岐村役場 檜枝岐魚苑
970802,  GSI,  水上,  群馬県 水上町 谷川岳パーキングエリア
970803,  GSI,  山辺,  山形県 山辺町 山辺町役場中支所
970804,  GSI,  横浜泉,  神奈川県 横浜市 領家3丁目公園
970805,  GSI,  水原,  新潟県 阿賀野市 阿賀野市立水原小学校
970806,  GSI,  新潟巻,  新潟県 巻町 巻町立巻西中学校
970807,  GSI,  新潟三島,  新潟県 三島町 三島町立スポーツ広場
970808,  GSI,  立山,  富山県 立山町 ホテル立山
970809,  GSI,  韮崎,  山梨県 韮崎市 御勅使工業団地広場
970810,  GSI,  新潟栄,  新潟県 栄町 栄町立栄中学校
970811,  GSI,  坂下,  岐阜県 坂下町 宮ノ前農村公園
970812,  GSI,  関ヶ原,  岐阜県 関ヶ原町 関ヶ原町立関ヶ原南小学校
970813,  GSI,  函南,  静岡県 函南町 函南町立桑村小学校
970814,  GSI,  下田２,  静岡県 下田市 特別養護老人ホーム梓の里
970815,  GSI,  蒲原,  静岡県 蒲原町 蒲原町立東小学校
970817,  GSI,  静岡峰山,  静岡県 静岡市 峰山集会所
970818,  GSI,  中川根,  静岡県 中川根町 中川根町立中川根中学校
970819,  GSI,  静岡森２,  静岡県 森町 森町立三倉小学校
970820,  GSI,  島田,  静岡県 島田市 島田市中央公園
970821,  GSI,  浜松伊左地,  静岡県 浜松市 伊左地緑地
970822,  GSI,  愛知一宮２,  愛知県 一宮市 一宮市立神山小学校
970823,  GSI,  大屋,  兵庫県 養父市 若杉高原大屋スキー場
970824,  GSI,  大台ヶ原,  奈良県 上北山村 大台ヶ原駐車場
970825,  GSI,  十津川,  奈良県 十津川村 十津川村立西川第一小学校
970826,  GSI,  古座川,  和歌山県 古座川町 旧町立音楽博物館（小学校跡地）
970827,  GSI,  引田,  香川県 東かがわ市 東かがわ市引田児童館
970828,  GSI,  愛媛三崎,  愛媛県 三崎町 いこいの広場
970829,  GSI,  宇和,  愛媛県 西予市 西予立石城小学校
970830,  GSI,  吾北,  高知県 吾北村 吾北村グリーンパークほどの
970831,  GSI,  福岡高田,  福岡県 高田町 高田町立仁川小学校
970832,  GSI,  外海,  長崎県 外海町 外海町総合公園
970833,  GSI,  大分九重,  大分県 九重町 県立九重少年自然の家
970834,  GSI,  出水,  鹿児島県 出水市 東光山公園
970835,  GSI,  鹿児島川内,  鹿児島県 川内市 川内市立高城西中学校
970836,  GSI,  樋脇,  鹿児島県 樋脇町 道の駅「樋脇」
970837,  GSI,  姶良,  鹿児島県 姶良町 姶良ＶＬＢＩ観測局
990838,  GSI,  南伊豆１Ａ,  静岡県 南伊豆町 伊浜山村活性化支援センター
990839,  GSI,  戸田Ａ,  静岡県 戸田村 戸田温泉スタンド駐車場
990840,  GSI,  焼津Ａ,  静岡県 焼津市 松原公園
000841,  GSI,  冷川峠Ａ,  静岡県 伊東市 本田技研伊東研修センター
000842,  GSI,  岡部Ａ,  静岡県 岡部町 新舟会館
000843,  GSI,  岡山加茂Ａ,  岡山県 加茂町 加茂町総合グランド
010844,  GSI,  青森Ａ,  青森県 青森市 青森市立原別小学校
010845,  GSI,  福島郡山１Ａ,  福島県 郡山市 郡山市立安積第二小学校
010846,  GSI,  高知大川Ａ,  高知県 大川村 白滝の里
020847,  GSI,  水窪Ａ,  静岡県 水窪町 水窪町高齢者交流センター
020848,  GSI,  稚内３,  北海道 稚内市 稚内市立大岬小学校
020849,  GSI,  稚内４,  北海道 稚内市 稚内市立豊別小中学校跡地
020850,  GSI,  中頓別,  北海道 中頓別町 中頓別町寿公園
020851,  GSI,  幌延,  北海道 幌延町 幌延町立問寒別小中学校
020852,  GSI,  中川,  北海道 中川町 中川町立佐久小学校
020853,  GSI,  美深,  北海道 美深町 美深町教職員住宅
020854,  GSI,  西興部,  北海道 西興部村 体験農園交流センター
020855,  GSI,  羽幌２,  北海道 羽幌町 羽幌町有地
020856,  GSI,  紋別,  北海道 紋別市 紋別市立藻別小学校
020857,  GSI,  士別,  北海道 士別市 南郷市民プール
020858,  GSI,  北海道朝日,  北海道 朝日町 朝日町営住宅地
020859,  GSI,  斜里２,  北海道 斜里町 斜里町立ウトロ小学校
020860,  GSI,  小平２,  北海道 小平町 小平町立達布小学校
020861,  GSI,  生田原,  北海道 生田原町 生田原町立生田原中学校
020862,  GSI,  旭川２,  北海道 旭川市 旭川市立江丹別小中学校
020863,  GSI,  白滝,  北海道 白滝村 白滝村立白滝中学校
020864,  GSI,  標津２,  北海道 標津町 標津町立薫別小中学校
020865,  GSI,  深川,  北海道 深川市 深川市立納内中学校
020866,  GSI,  留辺蘂,  北海道 留辺蘂町 旧厚和小学校用地
020867,  GSI,  東川,  北海道 東川町 国有林（旭岳温泉）
020868,  GSI,  津別,  北海道 津別町 津別町立本岐小学校
020869,  GSI,  別海３,  北海道 別海町 別海町立野付小学校
020870,  GSI,  中標津２,  北海道 中標津町 中標津町立養老牛小中学校
020871,  GSI,  芦別,  北海道 芦別市 芦別市立芦別小学校
020872,  GSI,  当別,  北海道 当別町 町有牧野
020873,  GSI,  陸別,  北海道 陸別町 陸別町立陸別中学校
020874,  GSI,  上士幌２,  北海道 上士幌町 上士幌町立糠平小学校
020875,  GSI,  積丹２,  北海道 積丹町 積丹町ｻｸﾗﾏｽｻﾝｸﾁｭｱﾘｰｾﾝﾀｰ
020876,  GSI,  石狩,  北海道 石狩市 石狩斎場
020877,  GSI,  新篠津,  北海道 新篠津村 新篠津村立新篠津中学校
020878,  GSI,  浜中２,  北海道 浜中町 浜中町立西円朱別小学校
020879,  GSI,  鹿追,  北海道 鹿追町 鹿追町立瓜幕小学校
020880,  GSI,  南富良野,  北海道 南富良野町 南富良野町立幾寅小学校
020881,  GSI,  標茶２,  北海道 標茶町 標茶町立塘路小中学校　教職員住宅
020882,  GSI,  札幌２,  北海道 札幌市 札幌市立星置中学校
020883,  GSI,  本別,  北海道 本別町 本別町立本別中央小学校
020884,  GSI,  赤井川,  北海道 赤井川村 赤井川村立赤井川小学校　教職員住宅
020885,  GSI,  北海道日高,  北海道 日高町 千栄中学校跡地
020886,  GSI,  浦幌,  北海道 浦幌町 浦幌町立浦幌中学校
020887,  GSI,  芽室,  北海道 芽室町 芽室町立上美生小学校
020888,  GSI,  島牧,  北海道 島牧村 千走地区山村広場
020889,  GSI,  幕別,  北海道 幕別町 幕別町立駒畠小学校
020890,  GSI,  門別２,  北海道 門別町 門別町立里平小学校
020891,  GSI,  浦河,  北海道 浦河町 浦河町自然体験実習館 柏陽館
020892,  GSI,  戸井,  北海道 戸井町 町民運動広場
020893,  GSI,  木古内,  北海道 木古内町 木古内町立釜谷小学校
020894,  GSI,  風間浦,  青森県 風間浦村 旧村立下風呂小学校跡
020895,  GSI,  青森川内,  青森県 川内町 川内町立川内中学校
020896,  GSI,  東通２,  青森県 東通村 東通村立老部小学校
020897,  GSI,  小泊,  青森県 小泊村 小泊村立小泊中学校
020898,  GSI,  深浦,  青森県 深浦町 深浦町立風合瀬小学校
020899,  GSI,  十和田湖１,  青森県 十和田湖町 十和田湖町　上水道施設
020900,  GSI,  西目屋,  青森県 西目屋村 西目屋村立西目屋中学校
020901,  GSI,  五戸,  青森県 五戸町 ひばりのスポーツ交流センター
020902,  GSI,  十和田湖２,  青森県 十和田湖町 十和田湖町　自然の家
020903,  GSI,  軽米,  岩手県 軽米町 妻渡ふれあい広場
020904,  GSI,  安代,  岩手県 安代町 安代町立安代中学校
020905,  GSI,  岩泉３,  岩手県 岩泉町 岩泉町立大平小中学校
020906,  GSI,  田老,  岩手県 田老町 田老町立田老第一中学校
020907,  GSI,  川井２,  岩手県 川井村 川井村立門馬小中学校
020908,  GSI,  沢内,  岩手県 沢内村 沢内村　防雪管理センター
020909,  GSI,  大迫,  岩手県 大迫町 大迫町　水道事業所
020910,  GSI,  江刺,  岩手県 江刺市 江刺市立人首小学校
020911,  GSI,  岩手大東,  岩手県 大東町 大東町立大原小学校
020912,  GSI,  平泉,  岩手県 平泉町 平泉町立長島小学校
020913,  GSI,  栗駒２,  宮城県 栗駒町 栗駒高原創造センター
020914,  GSI,  宮城東和,  宮城県 東和町 東和町役場
020915,  GSI,  高清水,  宮城県 高清水町 高清水勤労者体育センター
020916,  GSI,  南方,  宮城県 南方町 南方町立南方中学校
020917,  GSI,  小野田,  宮城県 加美町 総合交流ターミナル施設「ぶな林」
020918,  GSI,  河北,  宮城県 河北町 河北町立河北中学校
020919,  GSI,  名取,  宮城県 名取市 名取市立閖上中学校
020920,  GSI,  丸森,  宮城県 丸森町 町有地
020921,  GSI,  八森,  秋田県 八森町 八森町立八森小学校
020922,  GSI,  鷹巣,  秋田県 鷹巣町 鷹巣町立南小学校
020923,  GSI,  八竜,  秋田県 八竜町 八竜町立八竜中学校
020924,  GSI,  阿仁２,  秋田県 阿仁町 打当温泉マタギの湯
020925,  GSI,  岩城,  秋田県 岩城町 岩城町立岩城中学校
020926,  GSI,  太田,  秋田県 太田町 太田町立太田南小学校
020927,  GSI,  東由利,  秋田県 東由利町 東由利町立東由利中学校
020928,  GSI,  東成瀬,  秋田県 東成瀬村 旧村立椿川小学校
020929,  GSI,  雄勝,  秋田県 雄勝町 雄勝町立雄勝中学校
020930,  GSI,  真室川,  山形県 真室川町 平枝地区農山村公園
020931,  GSI,  最上,  山形県 最上町 最上町立月楯小学校
020932,  GSI,  鶴岡,  山形県 鶴岡市 鶴岡市立三瀬小学校
020933,  GSI,  大蔵,  山形県 大蔵村 大蔵村立沼台小学校・中学校
020934,  GSI,  山形,  山形県 山形市 山形市立蔵王第三小学校・第二中学校
020935,  GSI,  飯豊,  山形県 飯豊町 飯豊町立中津川小学校・中学校
020936,  GSI,  福島２,  福島県 福島市 福島市立飯坂小学校
020937,  GSI,  北塩原,  福島県 北塩原村 北塩原村立大塩小学校
020938,  GSI,  福島東和,  福島県 東和町 東和町立東和中学校
020939,  GSI,  会津高田,  福島県 会津高田町 会津高田町立第一中学校
020940,  GSI,  福島郡山３,  福島県 郡山市 郡山市立大田小学校
020941,  GSI,  昭和,  福島県 昭和村 昭和村立昭和中学校小野川分校
020942,  GSI,  福島長沼,  福島県 長沼町 長沼町立長沼小学校
020943,  GSI,  玉川,  福島県 玉川村 玉川村立須釜小学校
020944,  GSI,  いわき３,  福島県 いわき市 いわき市立差塩中学校
020945,  GSI,  棚倉,  福島県 棚倉町 棚倉森林管理署　裏町有地
020946,  GSI,  いわき４,  福島県 いわき市 いわき市立田人第二小学校南大平分校
020947,  GSI,  常北,  茨城県 常北町 常北町立石塚小学校
020948,  GSI,  那須２,  栃木県 那須町 那須町共同利用模範牧場
020949,  GSI,  栗山,  栃木県 栗山村 栗山村立川俣中学校
020950,  GSI,  鹿沼,  栃木県 鹿沼市 北押原コミュニティセンター
020951,  GSI,  上三川,  栃木県 上三川町 上三川町立北小学校
020952,  GSI,  水上２,  群馬県 水上町 水上町立藤原中学校
020953,  GSI,  群馬利根,  群馬県 利根村 利根村立根利小学校
020954,  GSI,  中之条,  群馬県 中之条町 県立中之条高等学校
020955,  GSI,  群馬,  群馬県 群馬町 群馬町立国府小学校
020956,  GSI,  境,  群馬県 境町 堺町立南中学校
020957,  GSI,  南牧,  群馬県 南牧村 高原運動公園
020958,  GSI,  埼玉大滝,  埼玉県 大滝村 三峯山県営ロッジ跡
020959,  GSI,  鴨川２,  千葉県 鴨川市 鴨川市立大山小学校
020960,  GSI,  平塚,  神奈川県 平塚市 市立大神公民館
020961,  GSI,  新潟下田,  新潟県 下田村 下田村立森町小学校
020962,  GSI,  高柳,  新潟県 高柳町 高柳町じょんのび村
020963,  GSI,  湯之谷,  新潟県 湯之谷村 奥只見浄化センター
020964,  GSI,  安塚,  新潟県 安塚町 安塚町Ｂ＆Ｇ海洋センター（和田スポーツ公園）
020965,  GSI,  大子,  茨城県 大子町 大子町立依上小学校
020966,  GSI,  氷見,  富山県 氷見市 氷見市立灘浦中学校
020967,  GSI,  宇奈月,  富山県 宇奈月町 中ノ口緑地運動公園
020968,  GSI,  新湊,  富山県 新湊市 新湊市立東明小学校
020969,  GSI,  福光,  富山県 福光町 福光町立福光西部小学校
020970,  GSI,  細入,  富山県 細入村 旧学校組合立猪谷小学校跡
020971,  GSI,  輪島２,  石川県 輪島市 輪島市立南志見小学校
020972,  GSI,  穴水,  石川県 穴水町 穴水町立真名井幼稚園
020973,  GSI,  松任,  石川県 松任市 松任市立北星体育館
020974,  GSI,  山中,  石川県 山中町 山中町立菅谷小学校
020975,  GSI,  福井,  福井県 福井市 福井市立長橋小学校
020976,  GSI,  和泉,  福井県 和泉村 和泉村立和泉中学校
020977,  GSI,  福井池田,  福井県 池田町 池田町Ｂ＆Ｇ海洋センター
020978,  GSI,  福井小浜,  福井県 小浜市 小浜市立今富小学校
020979,  GSI,  山梨高根,  山梨県 高根町 高根町立高根清里小学校
020980,  GSI,  小菅,  山梨県 小菅村 小菅の湯
020981,  GSI,  上九一色,  山梨県 上九一色村 上九一色村立上九一色中学校
020982,  GSI,  長野栄,  長野県 栄村 栄村立秋山小学校
020983,  GSI,  戸隠,  長野県 戸隠村 戸隠村グランド横村有地
020984,  GSI,  更埴,  長野県 更埴市 千曲市立埴生中学校
020985,  GSI,  望月,  長野県 望月町 望月町総合体育館
020986,  GSI,  木祖,  長野県 木祖村 こもれび公園
020987,  GSI,  高遠,  長野県 高遠町 高遠町立高遠北小学校
020988,  GSI,  王滝,  長野県 王滝村 王滝川釣キチ渓谷
020989,  GSI,  大桑,  長野県 大桑村 木曽ふれあいの郷フォレスパ木曽
020990,  GSI,  清見,  岐阜県 清見村 飛騨プラネタリウム
020991,  GSI,  板取,  岐阜県 板取村 ２１世紀の森
020992,  GSI,  恵那,  岐阜県 恵那市 恵那市立中野方小学校
020993,  GSI,  揖斐川,  岐阜県 揖斐川町 揖斐川町立小島小学校
020994,  GSI,  土岐,  岐阜県 土岐市 土岐市立曽木公民館
020995,  GSI,  設楽,  愛知県 設楽町 設楽町立田口小学校
020996,  GSI,  岡崎,  愛知県 岡崎市 岡崎市立岡崎小学校
020997,  GSI,  豊橋２,  愛知県 豊橋市 豊橋市立前芝中学校
020998,  GSI,  南知多,  愛知県 南知多町 深田池管理用地
020999,  GSI,  大台,  三重県 大台町 大台町中央公民館
021000,  GSI,  紀和,  三重県 紀和町 紀和町立入鹿小学校
021001,  GSI,  福知山２,  京都府 福知山市 福知山市北陵総合センター
021002,  GSI,  綾部,  京都府 綾部市 綾部市東部グラウンド
021003,  GSI,  京北,  京都府 京北町 京北町役場第２駐車場
021004,  GSI,  阪南,  大阪府 阪南市 阪南市立桃の木台小学校
021005,  GSI,  温泉,  兵庫県 温泉町 町立照来小学校跡地
021006,  GSI,  赤穂,  兵庫県 赤穂市 赤穂市立塩屋小学校
021007,  GSI,  月ヶ瀬,  奈良県 月ヶ瀬村 月ケ瀬村　花ふるさとスポーツ公園
021008,  GSI,  御杖,  奈良県 御杖村 御杖村立御杖中学校
021009,  GSI,  奈良川上,  奈良県 川上村 川上村立川上東小学校
021010,  GSI,  天川,  奈良県 天川村 天川村役場
021011,  GSI,  龍神,  和歌山県 龍神村 龍神村立龍神中学校
021012,  GSI,  那智勝浦２,  和歌山県 那智勝浦町 那智高原公園
021013,  GSI,  日置川,  和歌山県 日置川町 日置川町川添山村活性化支援センター
021014,  GSI,  鳥取,  鳥取県 鳥取市 鳥取市立賀露小学校
021015,  GSI,  名和,  鳥取県 名和町 名和町立名和中学校
021016,  GSI,  羽合,  鳥取県 羽合町 羽合町立羽合西小学校
021017,  GSI,  佐治,  鳥取県 佐治村 佐治村立佐治中学校
021018,  GSI,  松江２,  島根県 松江市 松江市立大野小学校
021019,  GSI,  広瀬,  島根県 広瀬町 広瀬町立宇波小学校
021020,  GSI,  木次,  島根県 木次町 木次町立斐伊小学校
021021,  GSI,  佐田,  島根県 佐田町 佐田町立窪田小学校
021022,  GSI,  温泉津,  島根県 温泉津町 温泉津町立井田小学校
021023,  GSI,  羽須美,  島根県 羽須美村 羽須美村立運動公園
021024,  GSI,  弥栄,  島根県 弥栄村 村営運動公園　ゲートボール場
021025,  GSI,  益田,  島根県 益田市 益田市立西益田小学校
021026,  GSI,  八束,  岡山県 八束村 八束村川上村中学校組合立蒜山中学校
021027,  GSI,  鏡野,  岡山県 鏡野町 鏡野町民グラウンド
021028,  GSI,  岡山１,  岡山県 岡山市 岡山市立大井小学校
021029,  GSI,  岡山２,  岡山県 岡山市 岡山市立甲浦小学校
021030,  GSI,  広島高野,  広島県 高野町 高野町立高野中学校
021031,  GSI,  世羅西,  広島県 世羅西町 世羅西町立世羅西中学校
021032,  GSI,  広島福山２,  広島県 福山市 福山市立広瀬中学校
021033,  GSI,  御調,  広島県 御調町 御調町立御調中学校
021034,  GSI,  東広島,  広島県 東広島市 東広島市立志和中学校
021035,  GSI,  蒲刈,  広島県 蒲刈町 蒲刈町立蒲刈中学校
021036,  GSI,  倉橋,  広島県 倉橋町 鹿島社会教育施設
021037,  GSI,  徳地,  山口県 徳地町 徳地町立串小学校
021038,  GSI,  周東,  山口県 周東町 周東町立高森小学校
021039,  GSI,  山陽,  山口県 山陽町 山陽町立津布田小学校
021040,  GSI,  上関,  山口県 上関町 上関町民グラウンド
021041,  GSI,  佐那河内,  徳島県 佐那河内村 佐那河内村立佐那河内中学校
021042,  GSI,  木屋平,  徳島県 木屋平村 木屋平村立木屋平中学校
021043,  GSI,  東祖谷山,  徳島県 東祖谷山村 東祖谷山村立東祖谷中学校
021044,  GSI,  土庄,  香川県 土庄町 高見山公園
021045,  GSI,  坂出,  香川県 坂出市 坂出市立白峰中学校
021046,  GSI,  新居浜,  愛媛県 新居浜市 新居浜市立多喜浜小学校
021047,  GSI,  丹原,  愛媛県 丹原町 丹原町文化会館
021048,  GSI,  広田,  愛媛県 広田村 神の森公園
021049,  GSI,  広見,  愛媛県 広見町 広見町立三島小学校
021050,  GSI,  津島,  愛媛県 津島町 津島町立御槙小学校
021051,  GSI,  土佐山,  高知県 土佐山村 土佐山村運動公園
021052,  GSI,  池川,  高知県 池川町 池川自然学園
021053,  GSI,  高知北川,  高知県 北川村 村立小島小学校跡地
021054,  GSI,  東津野,  高知県 東津野村 東津野村立船戸小学校
021055,  GSI,  室戸２,  高知県 室戸市 室戸市佐喜浜出張所
021056,  GSI,  大正,  高知県 大正町 大正町立田野々小学校
021057,  GSI,  高知佐賀,  高知県 佐賀町 佐賀町立佐賀小学校
021058,  GSI,  中村,  高知県 中村市 中村市立中筋小学校
021059,  GSI,  宿毛,  高知県 宿毛市 宿毛市立母島小中学校
021060,  GSI,  北九州１,  福岡県 北九州市 北九州市立花房小学校安屋分校
021061,  GSI,  北九州２,  福岡県 北九州市 北九州市立松ヶ江南小学校
021062,  GSI,  福岡,  福岡県 福岡市 勝馬公園
021063,  GSI,  桂川,  福岡県 桂川町 桂川町立桂川小学校
021064,  GSI,  築城,  福岡県 築城町 築城町立寒田小学校
021065,  GSI,  二丈,  福岡県 二丈町 二丈町立福吉小学校
021066,  GSI,  多久,  佐賀県 多久市 多久市立緑が丘小学校
021067,  GSI,  川棚,  長崎県 川棚町 川棚町立川棚小学校
021068,  GSI,  長崎２,  長崎県 長崎市 長崎市立橘小学校
021069,  GSI,  三加和,  熊本県 三加和町 三加和町立三加和中学校
021070,  GSI,  菊池,  熊本県 菊池市 菊池市立水源小学校
021071,  GSI,  城南,  熊本県 城南町 城南町Ｂ＆Ｇ海洋センター
021072,  GSI,  矢部,  熊本県 矢部町 矢部町立浜町小学校
021073,  GSI,  五木,  熊本県 五木村 五木村役場隣接地
021074,  GSI,  新和,  熊本県 新和町 新和町立新和中学校
021075,  GSI,  球磨,  熊本県 球磨村 球磨村立神瀬小学校川島分校
021076,  GSI,  熊本水上,  熊本県 水上村 水上村立岩野小学校
021077,  GSI,  豊後高田,  大分県 豊後高田市 豊後高田市立田染小学校
021078,  GSI,  院内,  大分県 院内町 院内町立南部小学校
021079,  GSI,  臼杵,  大分県 臼杵市 臼杵市立南中学校
021080,  GSI,  米水津,  大分県 米水津村 米水津村立向陽小学校間越分校
021081,  GSI,  緒方,  大分県 緒方町 緒方町長谷川集会所
021082,  GSI,  宇目,  大分県 宇目町 宇目町農村環境改善センター
021083,  GSI,  諸塚,  宮崎県 諸塚村 諸塚村池の窪グリーンパーク
021084,  GSI,  東郷,  宮崎県 東郷町 町営住宅寺迫団地
021085,  GSI,  西都,  宮崎県 西都市 西都市立三納中学校
021086,  GSI,  綾,  宮崎県 綾町 綾町立綾中学校
021087,  GSI,  都城２,  宮崎県 都城市 宮崎県御池少年自然の家
021088,  GSI,  宮崎,  宮崎県 宮崎市 宮崎市立青島中学校
021089,  GSI,  隼人,  鹿児島県 隼人町 隼人町営体育館
021090,  GSI,  大隅,  鹿児島県 大隅町 大隅町立月野中学校
021091,  GSI,  金峰,  鹿児島県 金峰町 金峰町立金峰中学校
021092,  GSI,  喜入,  鹿児島県 喜入町 喜入町総合運動公園
021093,  GSI,  大根占,  鹿児島県 大根占町 大根占町立池田中学校
021094,  GSI,  与那城,  沖縄県 与那城町 与那城町立伊計小中学校
021095,  GSI,  北谷,  沖縄県 北谷町 北谷町立桑江中学校
021096,  GSI,  那覇,  沖縄県 那覇市 ひよどり公園
021098,  GSI,  南鳥島,  東京都 小笠原村 気象庁ドーム
021099,  GSI,  乗鞍岳,  岐阜県 丹生川村 東京大学宇宙研究所　乗鞍観測所
021100,  GSI,  富士山,  静岡県 富士宮市 富士山頂
021101,  GSI,  大安Ａ,  三重県 いなべ市 いなべ市立石榑小学校
942003,  GSI,  父島,  東京都 小笠原村 三日月山展望台駐車場
942004,  GSI,  鹿屋,  鹿児島県 鹿屋市 気象庁地磁気観測所鹿屋出張所
